,Alexander (R-TN),Ayotte (R-NH),Baldwin (D-WI),Barrasso (R-WY),Bennet (D-CO),Blumenthal (D-CT),Blunt (R-MO),Booker (D-NJ),Boozman (R-AR),Boxer (D-CA),Brown (D-OH),Burr (R-NC),Cantwell (D-WA),Capito (R-WV),Cardin (D-MD),Carper (D-DE),Casey (D-PA),Cassidy (R-LA),Coats (R-IN),Cochran (R-MS),Collins (R-ME),Coons (D-DE),Corker (R-TN),Cornyn (R-TX),Cotton (R-AR),Crapo (R-ID),Cruz (R-TX),Daines (R-MT),Donnelly (D-IN),Durbin (D-IL),Enzi (R-WY),Ernst (R-IA),Feinstein (D-CA),Fischer (R-NE),Flake (R-AZ),Franken (D-MN),Gardner (R-CO),Gillibrand (D-NY),Graham (R-SC),Grassley (R-IA),Hatch (R-UT),Heinrich (D-NM),Heitkamp (D-ND),Heller (R-NV),Hirono (D-HI),Hoeven (R-ND),Inhofe (R-OK),Isakson (R-GA),Johnson (R-WI),Kaine (D-VA),King (I-ME),Kirk (R-IL),Klobuchar (D-MN),Lankford (R-OK),Leahy (D-VT),Lee (R-UT),Manchin (D-WV),Markey (D-MA),McCain (R-AZ),McCaskill (D-MO),McConnell (R-KY),Menendez (D-NJ),Merkley (D-OR),Mikulski (D-MD),Moran (R-KS),Murkowski (R-AK),Murphy (D-CT),Murray (D-WA),Nelson (D-FL),Paul (R-KY),Perdue (R-GA),Peters (D-MI),Portman (R-OH),Reed (D-RI),Reid (D-NV),Risch (R-ID),Roberts (R-KS),Rounds (R-SD),Rubio (R-FL),Sanders (I-VT),Sasse (R-NE),Schatz (D-HI),Schumer (D-NY),Scott (R-SC),Sessions (R-AL),Shaheen (D-NH),Shelby (R-AL),Stabenow (D-MI),Sullivan (R-AK),Tester (D-MT),Thune (R-SD),Tillis (R-NC),Toomey (R-PA),Udall (D-NM),Vitter (R-LA),Warner (D-VA),Warren (D-MA),Whitehouse (D-RI),Wicker (R-MS),Wyden (D-OR),outcome
1,0,0,1,0,0,1,0,1,0,0,1,0,1,0,1,0,0,0,0,0,0,1,0,0,0,0,0,0,0,1,0,0,1,0,0,1,0,1,0,0,0,0,0,0,1,0,0,0,0,1,0,0,0,0,1,0,0,1,0,0,0,1,1,1,0,0,1,1,1,0,0,0,0,1,0,0,0,0,0,1,0,1,1,0,0,1,0,0,0,0,0,0,0,1,0,1,1,1,0,1,0
2,1,1,1,1,1,1,1,1,1,0,1,1,0,0,1,1,1,1,1,1,1,1,1,1,1,1,1,1,1,1,1,1,1,1,1,1,1,1,1,1,1,1,1,1,1,1,1,1,1,1,1,1,1,1,1,1,1,1,1,1,1,1,1,1,1,1,1,1,1,1,1,1,1,1,0,1,1,1,0,0,1,1,1,1,1,1,1,1,1,1,1,1,1,1,1,1,0,1,1,1,1
3,1,1,0,1,1,0,1,0,1,0,0,1,0,1,0,1,1,0,1,1,1,0,1,1,1,1,1,1,1,0,1,1,0,1,1,0,1,0,1,1,1,0,1,1,0,1,1,1,1,0,1,1,0,1,0,1,1,0,1,1,1,0,0,0,1,1,0,0,0,1,1,0,1,0,0,1,1,1,0,0,1,0,0,1,1,0,1,0,1,1,1,1,1,1,1,1,0,0,1,0,1
4,1,1,0,1,0,0,1,0,1,0,0,1,0,1,0,0,0,1,1,1,1,0,1,1,1,1,1,1,0,0,1,1,0,1,1,0,1,0,1,1,1,0,1,1,0,1,1,1,1,0,0,1,0,1,0,1,1,0,1,0,1,0,0,0,1,1,0,0,0,1,1,0,1,0,0,1,1,1,1,0,1,0,0,1,1,0,1,0,1,0,1,1,1,0,1,1,0,0,1,0,1
5,1,1,0,1,0,0,1,0,1,0,0,0,0,1,0,0,0,1,1,1,1,0,1,1,1,1,1,1,0,0,1,1,0,1,1,0,1,0,1,1,1,0,0,1,0,1,1,1,1,0,0,1,0,1,0,1,0,0,1,0,1,0,0,0,1,1,0,0,0,1,1,0,1,0,0,1,1,1,1,0,1,0,0,1,1,0,1,0,1,0,1,1,1,0,1,0,0,0,1,0,1
6,1,1,1,1,1,1,1,1,1,1,1,1,1,1,1,1,1,1,1,1,1,1,1,1,1,1,0,1,1,1,1,1,1,1,1,1,1,1,1,1,1,1,1,1,1,1,1,1,1,1,1,1,1,0,1,0,1,1,1,1,1,1,1,1,1,1,1,1,1,0,1,1,1,1,0,1,1,1,1,1,0,1,1,1,1,1,1,1,1,1,1,1,1,1,1,1,1,1,1,1,1
7,1,1,0,1,0,0,1,0,1,0,0,1,0,1,0,0,0,1,1,1,1,0,1,1,1,1,1,1,0,0,1,1,0,1,1,0,1,0,1,1,1,0,0,1,0,1,1,1,1,0,0,1,0,1,0,1,0,0,1,0,1,0,0,0,1,1,0,0,0,1,1,0,1,0,0,1,1,1,1,0,1,0,0,1,1,0,1,0,1,0,1,1,1,0,1,0,0,0,1,0,0
8,0,0,1,0,1,1,0,1,0,1,1,0,1,0,1,1,1,0,0,0,0,1,0,0,0,0,0,0,0,1,0,0,1,0,0,1,0,1,0,0,0,1,0,0,1,0,0,0,0,1,1,1,1,0,1,0,0,1,0,0,0,1,1,1,0,0,1,1,1,0,0,1,0,1,0,0,0,0,0,1,0,1,1,0,0,1,0,1,0,0,0,0,0,1,0,1,1,1,0,1,0
9,0,0,0,1,0,0,1,0,1,0,0,1,0,1,0,0,1,1,1,1,0,0,1,1,1,1,1,1,0,0,1,1,0,1,1,0,1,0,1,1,1,0,1,1,0,1,1,1,1,0,0,1,0,1,0,1,1,0,1,0,1,0,0,0,1,1,0,0,0,1,1,0,1,0,0,1,1,1,1,0,1,0,0,1,1,0,1,0,1,0,1,1,1,0,1,0,0,0,1,0,0
10,1,1,1,1,1,1,1,1,1,1,1,1,1,1,1,1,1,1,1,1,1,1,1,1,1,1,1,1,1,1,1,1,1,1,1,1,1,1,1,1,1,1,1,1,1,1,1,1,1,1,1,1,1,1,1,1,1,1,1,1,1,1,1,1,1,1,1,1,1,1,1,1,1,1,0,1,1,1,1,1,1,1,1,1,1,1,1,1,1,1,1,1,1,1,1,1,1,1,0,1,1
11,1,1,1,0,1,1,0,1,0,1,1,0,1,0,1,1,1,0,0,0,1,1,1,0,0,0,0,0,1,1,0,0,1,0,1,1,0,1,1,0,1,1,1,1,1,0,0,0,0,1,1,1,1,0,1,0,1,1,1,1,0,1,1,1,0,1,1,1,1,1,0,1,1,1,0,0,0,1,0,0,0,1,1,0,0,1,0,1,0,1,0,0,1,1,0,1,1,1,0,1,0
12,1,1,1,0,1,1,0,1,0,1,1,0,1,0,1,1,1,0,0,0,1,1,0,0,0,0,0,0,1,1,0,0,1,0,0,1,0,1,1,0,0,1,1,0,1,0,0,0,0,1,1,1,1,0,1,0,1,1,0,1,0,1,1,1,0,0,1,1,1,0,0,1,0,1,0,0,0,0,0,1,0,1,1,0,0,1,0,1,0,1,0,0,0,1,0,1,1,1,0,1,0
13,1,1,1,0,1,1,0,1,0,1,1,0,1,0,1,1,1,0,0,0,1,1,1,0,0,0,1,0,1,1,0,0,1,0,0,1,0,1,1,0,0,1,1,1,1,0,0,0,0,1,1,0,1,0,1,0,1,1,0,1,0,1,1,1,0,0,1,1,1,1,0,1,1,1,0,0,0,0,1,1,0,1,1,0,0,1,0,1,0,1,0,0,0,1,0,1,1,1,0,1,0
14,1,0,0,1,0,0,1,0,1,0,0,0,0,1,0,0,0,1,1,1,0,0,1,1,1,1,1,1,0,0,1,1,0,1,1,0,1,0,0,1,1,0,1,1,0,1,1,1,1,1,1,1,0,1,0,1,1,0,1,0,1,0,0,0,1,1,0,0,0,1,1,0,1,0,0,1,1,1,1,0,1,0,0,1,1,0,1,0,1,0,1,1,1,0,1,0,0,0,1,0,0
15,1,1,0,1,0,0,1,0,1,0,0,1,0,1,0,0,0,1,1,1,1,0,1,1,1,1,1,1,0,0,1,1,0,1,1,0,1,0,1,1,1,0,0,1,0,1,1,1,1,0,0,0,0,1,0,1,0,0,1,0,1,0,0,0,1,1,0,0,0,1,1,0,1,0,0,1,1,1,1,0,1,0,0,1,1,0,1,0,1,0,1,1,1,0,1,0,0,0,1,0,1
16,1,1,0,1,0,0,1,0,1,0,0,1,0,1,0,0,0,1,1,1,1,0,1,1,1,1,1,1,0,0,1,1,0,1,1,0,1,0,0,1,1,0,1,1,0,1,1,1,1,0,0,1,0,1,0,1,0,0,1,1,1,0,0,0,1,1,0,0,0,1,1,0,1,0,0,1,1,1,1,0,1,0,0,1,1,0,1,0,1,0,1,1,1,0,1,1,0,0,1,0,1
17,1,0,0,1,0,0,1,0,1,0,0,1,0,1,0,0,0,1,1,1,0,0,1,1,1,1,1,1,0,0,1,1,0,1,1,0,1,0,0,1,1,0,1,1,0,1,1,1,1,0,0,0,0,0,0,1,1,0,1,0,1,0,0,0,1,1,0,0,0,1,1,0,1,0,0,1,1,1,1,0,1,0,0,1,1,0,1,0,1,0,1,1,1,0,1,0,0,0,1,0,0
18,1,1,1,1,1,1,1,1,0,1,1,1,1,1,1,1,1,1,1,1,1,1,1,0,0,0,0,1,1,1,1,1,1,1,1,1,1,1,0,0,0,1,1,0,1,1,0,0,1,1,1,1,1,0,1,0,1,1,1,1,0,1,1,1,0,1,1,1,1,0,0,1,1,1,0,0,0,1,0,1,0,1,1,0,1,1,0,1,1,1,1,1,0,1,1,1,1,1,1,1,1
19,1,1,1,0,1,1,0,1,0,1,1,0,1,0,1,1,1,0,0,0,1,1,0,0,0,0,0,0,1,1,0,0,1,0,0,1,1,1,0,0,0,1,1,0,1,0,0,0,0,1,1,1,1,0,1,0,1,1,0,1,0,1,1,1,0,0,1,1,1,0,0,1,0,1,0,0,0,0,0,1,0,1,1,0,0,1,0,1,0,1,0,0,0,1,0,1,1,1,0,1,0
20,1,0,0,1,0,0,1,0,1,0,0,1,0,1,0,0,0,1,1,1,0,0,1,1,1,1,1,1,0,0,1,1,0,1,1,0,1,0,0,1,1,0,0,1,0,1,1,1,1,0,0,1,0,1,0,0,1,0,1,0,1,0,0,0,1,1,0,0,0,1,1,0,1,0,0,1,1,1,1,0,1,0,0,1,1,0,1,0,1,0,1,1,1,0,1,0,0,0,1,0,0
21,1,1,0,1,0,1,1,0,1,0,0,1,0,1,0,1,1,1,1,1,1,0,1,1,1,1,1,1,1,0,1,1,0,1,1,0,1,0,0,1,1,1,1,1,0,1,1,1,1,1,0,1,1,1,0,0,1,0,1,1,1,0,0,0,1,1,0,0,1,1,1,0,1,0,0,1,1,1,1,0,1,0,0,1,1,0,1,0,1,0,1,1,1,0,1,1,0,0,1,0,1
22,0,1,1,0,1,1,0,1,0,1,1,0,1,0,1,0,1,0,0,0,0,1,0,0,0,0,0,0,0,1,0,0,1,0,0,1,0,1,0,0,0,1,0,0,1,0,0,0,0,1,1,0,1,0,1,0,0,1,0,1,0,1,1,1,0,0,1,1,1,1,0,1,0,1,0,0,0,0,0,1,0,1,1,0,0,1,0,1,0,1,0,0,0,1,0,1,1,1,0,1,0
23,1,1,1,1,1,1,0,1,1,1,1,1,1,1,1,1,1,1,1,1,1,1,1,1,1,1,1,1,1,1,1,1,1,1,1,0,1,1,0,0,1,1,1,0,1,1,1,1,1,1,1,1,1,1,1,0,0,1,0,1,1,0,1,1,1,1,1,1,1,1,1,1,1,1,0,1,1,1,1,1,1,1,1,1,1,1,1,1,1,1,1,1,1,1,1,1,1,1,0,1,1
24,1,1,0,1,0,0,1,0,1,0,0,1,0,1,0,0,0,1,1,1,1,0,1,1,1,1,1,1,0,0,1,1,0,1,1,0,1,0,0,1,0,0,0,1,0,1,1,1,1,0,0,1,0,1,0,0,0,0,1,1,1,0,0,0,1,1,0,0,0,1,1,0,1,0,0,1,1,1,1,0,1,0,0,1,1,0,1,0,1,1,1,1,1,0,1,0,0,0,1,0,1
25,1,1,0,1,1,0,1,0,1,0,0,1,0,1,0,0,0,1,1,1,1,0,1,1,1,1,1,1,1,0,1,1,0,1,1,0,1,0,0,1,1,0,0,1,0,1,1,1,1,0,0,1,1,1,0,0,0,0,1,1,1,0,0,0,1,1,0,0,0,1,1,0,1,0,0,1,1,1,1,0,1,0,0,1,1,0,1,0,1,0,1,1,1,0,1,0,0,0,1,1,1
26,1,1,0,1,0,0,1,0,1,0,0,1,0,1,0,0,0,1,1,1,1,0,1,1,1,1,1,1,0,0,1,1,0,1,1,0,1,0,0,1,1,0,0,1,0,1,1,1,1,0,0,1,0,1,0,0,0,0,1,0,1,0,0,0,1,1,0,0,0,1,1,0,1,0,0,1,1,1,1,0,1,0,0,1,1,0,1,0,1,0,1,1,1,0,1,0,0,0,1,0,1
27,1,1,0,1,0,0,1,0,1,0,0,1,0,1,0,0,0,1,1,1,1,0,1,1,1,1,1,1,0,0,1,1,0,1,1,0,1,0,0,1,1,0,1,1,0,1,1,1,1,0,0,0,0,1,0,0,1,0,1,0,1,0,0,0,1,1,0,0,0,1,1,0,1,0,0,1,1,1,1,0,1,0,0,1,1,0,1,0,1,0,1,1,1,0,1,0,0,0,1,0,1
28,1,0,0,1,0,0,1,0,1,0,0,1,0,1,0,0,0,1,1,1,0,0,1,1,1,1,1,1,0,0,1,1,0,1,1,0,1,0,0,1,1,0,0,1,0,1,1,1,1,0,0,0,0,1,0,0,0,0,1,0,1,0,0,0,1,1,0,0,0,1,1,0,1,0,0,1,1,1,1,0,1,0,0,1,1,0,1,0,1,0,1,1,1,0,1,0,0,0,1,0,1
29,1,1,0,1,1,0,1,0,1,0,0,1,0,1,0,0,0,1,1,1,1,0,1,1,1,1,1,1,1,0,1,1,0,1,1,0,1,0,1,1,1,0,1,1,0,1,1,1,1,0,0,0,0,1,0,1,1,0,0,0,0,0,0,0,0,1,0,0,0,1,1,0,1,0,0,1,1,1,0,0,1,0,0,1,1,0,1,0,1,0,1,1,1,0,1,0,0,0,1,0,0
30,1,1,0,1,1,0,1,0,1,0,0,1,0,1,0,0,0,1,1,1,1,0,1,1,1,1,1,1,1,0,1,1,0,1,1,0,1,0,1,1,1,0,1,1,0,1,1,1,1,0,0,0,0,1,0,1,1,0,0,0,0,0,0,0,0,1,0,0,0,1,1,0,1,0,0,1,1,1,0,0,1,0,0,1,1,0,1,0,1,0,1,1,1,0,1,0,0,0,1,0,0
31,0,0,1,0,0,1,0,1,0,1,1,0,1,0,1,0,1,0,0,0,0,1,0,0,0,0,0,0,0,1,0,0,1,0,0,1,0,1,0,0,0,1,0,0,1,0,0,0,0,1,1,0,0,0,1,0,0,1,0,0,0,1,1,1,0,0,1,1,1,0,0,1,0,1,0,0,0,0,0,1,0,1,1,0,0,1,0,1,0,0,0,0,0,1,0,0,1,1,0,1,0
32,0,0,1,0,0,1,0,1,0,1,1,0,1,0,1,0,1,0,0,0,0,1,0,0,0,0,0,0,1,1,0,0,1,0,0,1,0,1,0,0,0,1,0,0,1,0,0,0,0,1,1,1,1,0,1,0,0,1,0,0,0,1,1,1,0,0,1,1,1,0,0,1,0,1,0,0,0,0,0,1,0,1,1,0,0,1,0,1,0,0,0,0,0,1,0,1,1,1,0,1,0
33,0,0,1,0,1,1,0,1,0,1,1,0,1,0,1,1,1,0,0,0,0,1,0,0,0,0,0,0,0,1,0,0,1,0,0,1,0,1,0,0,0,1,0,0,1,0,0,0,0,1,1,0,1,0,1,0,0,1,0,0,0,1,1,1,0,0,1,1,1,0,0,1,0,1,0,0,0,0,0,1,0,1,1,0,0,1,0,1,0,1,0,0,0,1,0,0,1,1,0,1,0
34,1,1,0,1,0,0,1,0,1,0,0,1,0,1,0,0,0,1,1,1,0,0,1,1,1,1,1,1,0,0,1,1,0,1,1,0,1,0,1,1,1,0,1,1,0,1,1,1,1,0,0,1,0,1,0,1,0,0,1,0,1,0,0,0,1,1,0,0,0,1,1,0,1,0,0,1,1,1,0,0,1,0,0,1,1,0,1,0,1,0,1,1,1,0,1,0,0,0,1,0,0
35,1,1,0,1,0,0,1,0,1,0,0,1,0,1,0,0,0,1,1,1,1,0,1,1,1,1,1,1,0,0,1,1,0,1,1,0,1,0,1,1,1,0,0,1,0,1,1,1,1,0,0,1,0,1,0,1,1,0,1,0,1,0,0,0,1,1,0,0,0,1,1,0,1,0,0,1,1,1,0,0,1,0,0,1,1,0,1,0,1,0,1,1,1,0,1,0,0,0,1,0,0
36,0,0,1,0,1,1,0,1,0,1,1,0,1,0,1,1,1,0,0,0,0,1,0,0,0,0,0,0,1,1,0,0,1,0,0,1,0,1,0,0,0,1,0,0,1,0,0,0,0,1,1,0,1,0,1,0,1,1,0,1,0,1,1,1,0,0,1,1,1,0,0,1,0,1,0,0,0,0,0,1,0,1,1,0,0,1,0,1,0,1,0,0,0,1,0,1,1,1,0,1,0
37,0,0,0,1,0,0,1,0,1,0,0,1,0,1,0,0,0,1,1,1,1,0,1,0,1,1,1,1,0,0,1,1,0,1,1,0,0,0,1,1,1,0,1,1,0,1,1,1,1,0,0,1,0,1,0,1,0,0,1,0,1,0,0,0,1,1,0,0,0,1,1,0,1,0,0,1,1,1,0,0,1,0,0,1,1,0,1,0,1,0,1,1,1,0,1,0,0,0,1,0,0
38,0,1,1,0,1,1,0,1,0,1,1,0,1,0,1,1,1,0,0,0,1,1,0,0,0,0,0,0,1,1,0,0,1,0,0,1,0,1,0,0,0,1,1,0,1,0,0,0,0,1,1,0,1,0,1,0,1,1,0,1,0,1,1,1,0,0,1,1,1,0,0,1,0,1,0,0,0,0,0,1,0,1,1,0,0,1,0,1,0,1,0,0,0,1,0,1,1,1,0,1,0
39,0,0,0,1,0,0,1,0,1,0,0,1,0,1,0,0,0,1,1,1,0,0,1,1,1,1,1,1,0,0,1,1,0,1,1,0,0,0,1,1,1,0,0,1,0,1,1,1,1,0,0,1,0,1,0,1,1,0,1,0,1,0,0,0,1,1,0,0,0,1,1,0,1,0,0,1,1,1,0,0,1,0,0,1,1,0,1,0,1,0,1,1,1,0,1,0,0,0,1,0,0
40,0,0,1,0,1,1,0,1,0,1,1,0,1,0,1,1,1,0,0,0,1,1,0,0,0,0,0,0,1,1,0,0,1,0,0,1,0,1,0,1,0,1,1,0,1,0,0,0,0,1,1,1,1,0,1,0,0,1,0,1,0,1,1,1,0,0,1,1,1,0,0,1,0,1,0,0,0,0,0,1,0,1,1,0,0,1,0,1,0,1,0,0,0,1,0,1,1,1,0,1,0
41,0,0,1,0,0,1,0,1,0,1,1,0,1,0,1,1,1,0,0,0,0,1,0,0,0,0,0,0,0,1,0,0,1,0,0,1,0,1,0,0,0,0,0,0,1,0,0,0,0,0,1,0,1,0,1,0,0,1,0,0,0,1,1,1,0,0,1,1,1,0,0,1,0,1,0,0,0,0,0,1,0,1,1,0,0,1,0,1,0,0,0,0,0,0,0,0,1,1,0,1,0
42,1,0,0,1,0,0,1,0,1,0,0,0,0,1,0,0,0,1,1,1,0,0,1,1,1,1,0,1,1,0,1,1,0,1,0,0,1,0,0,1,1,0,0,1,0,1,1,1,1,0,0,1,0,1,0,0,1,0,1,0,1,0,0,0,1,1,0,0,0,0,1,0,1,0,0,1,1,1,0,0,1,0,0,1,1,0,1,0,1,0,1,1,1,0,1,0,0,0,1,0,0
43,1,1,1,0,1,1,1,1,0,1,1,1,1,1,1,1,1,0,0,0,1,1,1,0,0,0,0,0,1,1,0,0,1,0,0,1,1,1,1,0,0,1,1,0,1,0,0,0,0,1,1,1,1,0,1,0,1,1,1,1,0,1,1,1,0,0,1,1,1,0,0,1,1,1,0,0,0,0,0,1,0,1,1,0,0,1,0,1,0,1,1,1,0,1,0,1,1,1,0,1,0
44,0,1,1,0,1,1,0,1,0,1,1,0,1,0,1,1,1,0,0,0,1,1,0,0,0,0,0,0,0,1,0,0,1,0,0,1,0,1,0,0,0,1,0,1,1,0,0,0,0,1,1,1,1,0,1,0,0,1,0,1,0,1,1,1,0,0,1,1,0,0,0,1,0,1,0,0,0,0,0,1,0,1,1,0,0,1,0,1,0,1,0,0,0,1,0,1,1,1,0,1,0
45,1,1,0,1,1,0,1,0,1,0,0,1,0,1,0,1,1,1,1,1,1,0,1,1,1,1,1,1,1,0,1,1,0,1,1,0,1,0,1,1,1,0,1,1,0,1,1,1,1,0,0,1,0,1,0,1,1,0,1,1,1,0,0,0,1,1,0,0,0,1,1,0,1,0,0,1,1,1,0,0,1,0,0,1,1,0,1,0,1,1,1,1,1,0,1,1,0,0,1,0,1
46,0,0,1,0,0,1,0,1,0,1,1,0,1,0,1,1,1,0,0,0,0,1,0,0,0,0,0,0,0,1,0,0,1,0,0,1,0,1,0,0,0,1,1,0,1,0,0,0,0,1,1,0,1,0,1,0,1,1,0,0,0,1,1,1,0,0,1,1,1,0,0,1,0,1,0,0,0,0,0,1,0,1,1,0,0,1,0,1,0,1,0,0,0,1,0,0,1,1,0,1,0
47,0,0,1,0,0,1,0,1,0,1,1,0,1,0,1,1,1,0,0,0,0,1,0,0,0,0,0,0,0,1,0,0,1,0,0,1,0,1,0,0,0,1,0,0,1,0,0,0,0,0,1,0,0,0,1,0,0,1,0,0,0,1,1,1,0,0,1,1,1,0,0,1,0,1,0,0,0,0,0,1,0,1,1,0,0,1,0,1,0,0,0,0,0,1,0,0,1,1,0,1,0
48,0,0,1,0,1,1,0,1,0,1,1,0,1,0,1,1,1,0,0,0,0,1,0,0,0,0,0,0,1,1,0,0,1,0,0,1,0,1,0,0,0,1,1,0,1,0,0,0,0,1,1,0,1,0,1,0,1,1,0,0,0,1,1,1,0,0,1,1,1,0,0,1,0,1,0,0,0,0,0,1,0,1,1,0,0,1,0,1,0,1,0,0,0,1,0,1,1,1,0,1,0
49,1,1,0,1,1,0,1,0,1,0,0,1,0,1,0,1,1,1,1,1,1,0,1,1,1,1,1,1,1,0,1,1,0,1,1,0,1,0,1,1,1,0,1,1,0,1,1,1,1,0,0,1,0,1,0,1,1,0,1,1,1,0,0,0,1,1,0,0,0,1,1,0,1,0,0,1,1,1,0,0,1,0,0,1,1,0,1,0,1,1,1,1,1,0,1,1,0,0,1,0,1
50,1,1,1,1,1,1,1,1,1,1,1,1,1,1,1,1,1,1,1,1,1,1,1,1,1,1,1,1,1,1,1,1,1,1,1,1,1,1,1,1,1,1,1,1,1,1,1,1,1,1,1,0,1,1,1,1,1,1,1,1,1,1,1,1,1,1,1,1,1,1,1,1,1,1,1,1,1,1,1,1,1,1,1,1,1,1,1,1,1,1,1,1,1,1,1,1,1,1,1,1,1
51,1,1,0,1,0,0,1,0,1,0,0,1,0,1,0,0,0,1,1,1,1,0,1,1,1,1,1,1,0,0,1,1,0,1,1,0,1,0,1,1,1,0,0,0,0,1,1,1,1,0,0,0,0,1,0,1,0,0,1,0,0,0,0,0,1,1,0,0,0,1,1,0,1,0,0,1,1,1,1,0,1,0,0,1,1,0,1,0,1,0,1,1,1,0,1,0,0,0,1,0,0
52,1,1,0,1,0,0,1,0,1,0,0,1,0,1,0,0,0,1,1,1,1,0,1,1,1,1,1,1,0,0,1,1,0,1,1,0,1,0,1,1,1,0,0,0,0,1,1,1,1,0,0,1,0,1,0,1,0,0,1,0,1,0,0,0,1,1,0,0,0,1,1,0,1,0,0,1,1,1,1,0,1,0,0,1,1,0,1,0,1,0,1,1,1,0,1,0,0,0,1,0,0
53,1,1,0,1,0,0,1,0,1,0,0,1,0,1,0,0,0,1,1,1,1,0,1,1,1,1,1,1,0,0,1,1,0,1,1,0,1,0,1,1,1,0,0,0,0,1,1,1,1,0,0,1,0,1,0,1,0,0,1,0,0,0,0,0,1,1,0,0,0,1,1,0,1,0,0,1,1,1,1,0,1,0,0,1,1,0,1,0,1,0,1,1,1,0,1,0,0,0,1,0,0
54,1,1,1,1,1,1,1,1,1,1,1,1,1,1,1,1,1,1,1,0,1,1,1,1,1,1,1,1,1,1,1,1,1,1,1,1,1,1,1,1,1,1,1,1,1,0,1,1,1,1,1,1,1,1,1,1,1,1,0,1,1,1,1,1,0,1,1,1,1,1,1,1,1,1,1,1,0,1,1,1,1,1,1,1,1,1,1,1,1,1,1,1,0,1,0,1,1,1,0,1,1
55,1,1,1,1,1,1,1,1,1,1,1,1,1,1,1,1,1,1,1,1,1,1,1,1,1,1,1,1,1,1,1,1,1,1,1,1,1,1,1,1,1,1,1,1,1,1,1,1,1,1,1,1,1,1,1,1,1,1,1,1,1,1,1,1,0,1,1,1,1,1,1,1,1,1,0,1,1,1,1,1,1,1,1,1,1,1,1,1,1,1,1,1,1,1,1,1,1,1,1,1,1
56,1,1,1,1,1,1,0,1,0,1,1,1,1,1,1,1,1,1,1,1,1,1,1,1,1,0,1,1,1,1,1,1,1,1,1,1,1,1,1,1,1,1,1,1,1,1,1,1,1,1,1,0,1,1,1,1,1,1,1,1,1,1,1,1,0,1,1,1,1,1,1,1,1,1,0,0,1,1,1,1,1,1,1,1,1,1,1,1,1,1,1,1,1,1,1,1,1,1,1,1,1
57,1,1,0,1,0,0,1,0,1,0,0,1,0,1,0,0,0,1,1,1,1,0,1,1,1,1,1,1,0,0,1,1,0,1,1,0,1,0,0,1,1,0,0,0,0,1,1,1,1,0,0,0,0,1,0,1,0,0,1,0,0,0,0,0,1,1,0,0,0,1,1,0,1,0,0,1,1,1,0,0,1,0,0,1,1,0,1,0,0,0,1,1,1,0,0,0,0,0,1,0,0
58,1,1,1,1,1,1,1,1,1,1,1,1,1,1,1,1,1,1,1,1,1,1,1,1,1,1,1,1,1,1,1,1,1,1,1,1,1,1,1,1,1,1,1,1,1,1,0,1,1,1,1,1,1,1,1,1,1,1,1,1,1,1,1,1,1,1,1,1,1,1,1,1,1,1,1,1,1,1,1,1,1,1,1,1,0,1,1,1,1,1,1,1,1,1,1,1,1,1,1,1,1
59,1,1,1,1,1,1,0,1,0,0,1,0,1,1,1,1,1,0,1,1,1,1,1,1,0,0,0,0,1,1,1,0,1,0,1,1,1,1,1,0,1,1,1,1,1,0,0,0,1,1,1,1,1,0,1,0,1,1,1,1,1,1,1,1,0,1,1,1,1,0,0,1,0,1,1,0,0,1,0,1,0,1,1,0,0,1,0,1,0,1,1,0,1,1,0,1,1,1,0,1,1
60,0,0,0,0,0,0,1,0,1,0,0,1,0,1,0,0,0,1,0,0,0,0,0,0,1,1,1,1,0,0,0,1,0,1,0,0,0,0,0,1,1,0,0,0,0,1,1,1,0,0,0,0,0,1,0,1,0,0,0,0,0,0,0,0,1,0,0,0,0,1,1,0,1,0,0,1,1,0,1,0,1,0,0,1,1,0,1,0,1,0,1,0,1,0,1,0,0,0,1,0,0
61,1,1,1,1,1,1,0,1,0,0,1,0,1,0,1,1,1,0,1,1,1,1,1,1,0,0,0,0,1,1,1,0,1,0,1,1,1,1,1,0,1,1,1,1,1,0,0,0,1,1,1,1,1,0,1,0,1,1,1,1,1,1,1,1,0,1,1,1,1,0,0,1,0,1,1,0,0,1,0,1,0,1,1,0,0,1,0,1,0,1,1,0,0,1,0,1,1,1,0,1,1
62,1,1,1,1,1,1,0,1,0,0,1,0,1,1,1,1,1,0,1,1,1,1,1,1,0,0,0,0,1,1,1,0,1,0,1,1,1,1,1,0,1,1,1,1,1,0,0,0,1,1,1,1,1,0,1,0,1,1,1,1,1,1,1,1,0,1,1,1,1,0,0,1,0,1,1,0,0,1,0,1,0,1,1,0,0,1,0,1,0,1,1,0,1,1,0,1,1,1,0,1,1
63,1,1,0,1,0,0,1,0,1,0,0,1,0,1,0,0,0,1,1,1,1,0,1,1,1,1,1,1,1,0,1,1,0,1,1,0,1,0,1,1,1,0,1,1,0,1,1,1,1,0,0,1,0,1,0,1,1,0,1,1,0,0,0,0,1,1,0,0,0,1,1,0,1,0,0,1,1,1,1,0,1,0,0,1,1,0,1,0,1,0,1,1,1,0,1,0,0,0,1,0,0
64,1,1,0,1,0,0,0,0,1,0,0,1,0,1,0,0,0,1,1,1,1,0,1,1,1,1,1,1,0,0,1,1,0,1,1,0,0,0,1,1,1,0,0,1,0,1,1,1,1,0,0,0,0,1,0,1,0,0,1,0,1,0,0,0,1,1,0,0,0,0,1,0,1,0,0,1,1,1,1,0,1,0,0,1,1,0,0,0,1,0,1,1,1,0,0,0,0,0,0,0,0
65,1,1,1,0,1,1,0,1,0,1,0,0,1,1,1,1,1,0,0,1,1,0,1,1,0,0,0,0,1,1,0,0,1,0,1,1,0,1,1,0,1,1,1,1,1,0,0,0,1,1,1,0,1,0,1,0,1,1,1,0,1,1,1,1,0,1,1,1,0,0,0,1,0,1,1,0,0,1,0,1,0,1,1,0,0,1,0,1,0,1,0,0,0,1,0,1,1,1,0,1,1
66,1,1,0,1,0,0,0,0,1,0,0,1,0,1,0,0,0,1,1,1,1,0,1,1,1,1,1,1,0,0,1,1,0,1,1,0,1,0,1,1,1,0,0,1,0,1,1,1,1,0,0,1,0,1,0,1,0,0,1,0,1,0,0,0,1,1,0,0,0,1,1,0,1,0,0,1,1,1,1,0,1,0,0,1,1,0,1,0,1,0,1,1,1,0,1,0,0,0,1,0,1
67,1,1,0,1,0,0,1,0,1,0,0,1,0,1,0,0,0,1,1,1,1,0,1,1,1,1,1,1,0,0,1,1,0,1,1,0,1,0,1,1,1,0,0,1,0,1,1,1,1,0,0,1,0,1,0,1,0,0,1,0,1,0,0,0,1,0,0,0,0,1,1,0,1,0,0,1,1,1,1,0,1,0,0,1,1,0,1,0,1,0,1,1,1,0,1,0,0,0,1,0,1
68,1,1,0,1,1,0,1,0,1,0,0,1,0,1,0,1,1,1,1,1,1,0,1,1,1,1,1,1,0,0,1,1,0,1,1,0,1,0,1,1,1,0,1,1,0,1,1,1,1,0,0,1,0,1,0,1,1,0,1,1,1,0,0,0,1,1,0,0,0,1,1,0,1,0,0,1,1,1,1,0,1,0,0,1,1,0,1,0,1,1,1,1,1,0,1,1,0,0,1,0,0
69,1,1,1,1,1,1,1,1,1,1,1,1,1,1,1,1,1,1,0,1,1,1,1,1,1,1,0,1,1,1,1,1,1,1,1,1,1,1,0,1,1,0,1,1,1,1,1,1,1,1,1,1,1,1,1,1,1,1,1,1,1,1,1,1,1,0,1,1,1,1,1,1,1,1,1,1,1,1,0,1,1,1,1,1,1,0,1,1,1,1,1,1,0,1,1,1,1,1,1,1,1
70,1,1,1,1,1,1,1,1,1,0,1,1,1,1,1,1,1,1,1,1,1,1,1,1,1,1,1,1,1,1,1,1,1,1,1,1,1,1,1,1,1,1,1,1,1,1,1,1,1,1,1,1,1,1,1,1,1,1,1,1,1,1,1,1,1,1,1,1,1,1,1,1,1,1,1,1,1,1,0,0,1,1,1,1,1,1,1,1,1,1,1,1,1,1,1,1,1,1,1,1,1
71,1,1,1,1,1,1,1,1,1,1,1,1,1,1,1,1,1,1,1,1,1,1,1,1,1,1,0,1,1,1,1,1,1,1,0,1,1,1,0,1,1,1,1,1,1,1,1,1,1,1,1,0,1,1,1,1,1,1,1,1,1,1,1,1,1,1,1,1,1,1,1,1,1,1,1,1,1,1,1,0,1,1,1,1,1,1,1,1,1,1,1,1,1,1,0,1,1,1,1,1,1
72,1,1,0,1,0,0,1,0,1,0,0,1,0,1,0,0,1,1,1,1,1,0,1,1,1,1,0,1,1,0,1,1,0,1,1,0,1,0,0,1,1,0,1,1,0,1,1,1,1,0,0,1,0,1,0,1,1,0,1,0,0,0,0,0,1,1,0,0,0,1,1,0,1,0,0,1,1,1,1,0,1,0,0,1,1,0,1,0,1,0,1,1,1,0,1,0,0,0,1,0,0
73,1,1,0,1,0,0,1,0,1,0,0,1,0,1,0,0,1,1,1,1,1,0,1,1,1,1,0,1,1,0,1,1,0,1,1,0,1,0,0,1,1,0,1,1,0,1,1,1,1,0,0,1,0,1,0,1,1,0,1,0,0,0,0,0,1,1,0,0,0,1,1,0,1,0,0,1,1,1,1,0,1,0,0,1,1,0,1,0,1,0,1,1,1,0,1,0,0,0,1,0,0
74,0,1,0,1,0,0,1,0,1,0,0,1,0,1,0,0,1,1,1,1,1,0,1,1,1,1,1,1,1,0,1,1,0,1,1,0,1,0,1,1,1,0,1,1,0,1,1,1,1,0,0,1,0,1,0,1,1,0,1,0,1,0,0,0,1,1,0,0,0,1,1,0,1,0,0,1,1,1,1,0,1,0,0,1,1,0,1,0,1,0,1,1,1,0,1,0,0,0,1,0,0
75,0,1,0,1,0,0,1,0,1,0,0,1,0,1,0,0,1,1,1,1,1,0,1,1,1,1,1,1,1,0,1,1,0,1,1,0,1,0,1,1,1,0,1,1,0,1,1,1,1,0,0,1,0,1,0,1,1,0,1,0,0,0,0,0,1,1,0,0,0,1,1,0,1,0,0,1,1,1,1,0,1,0,0,1,1,0,1,0,1,0,1,1,1,0,1,0,0,0,1,0,0
76,0,1,0,1,0,0,1,0,1,0,0,1,0,1,0,0,1,1,1,1,1,0,1,1,1,1,1,1,1,0,1,1,0,1,1,0,1,0,1,1,1,0,1,1,0,1,1,1,1,0,0,1,0,1,0,1,1,0,1,0,0,0,0,0,1,1,0,0,0,1,1,0,1,0,0,1,1,1,1,0,1,0,0,1,1,0,1,0,1,0,1,1,1,0,1,0,0,0,1,0,0
77,1,1,1,1,1,1,1,1,1,1,1,1,1,1,1,1,1,1,1,1,1,1,1,1,1,0,0,1,1,1,1,1,1,1,1,1,1,1,1,1,1,1,1,1,1,1,1,1,1,1,1,0,1,1,1,0,0,1,0,1,1,1,1,1,1,1,1,1,1,1,1,1,0,1,1,0,1,1,1,1,1,1,1,1,1,1,1,1,0,1,1,1,0,1,0,1,1,1,1,1,1
78,0,0,1,0,1,1,0,1,0,1,1,0,1,0,1,1,1,0,0,0,0,1,0,0,0,0,0,0,1,1,0,0,1,0,0,1,0,1,0,0,0,1,1,0,1,0,0,0,0,1,1,0,1,0,1,0,0,1,0,1,0,1,1,1,0,0,1,1,1,0,0,1,0,1,1,0,0,0,0,1,0,1,1,0,0,1,0,1,0,1,0,0,0,1,0,1,1,1,0,1,0
79,1,1,1,1,1,1,1,1,1,1,1,1,1,1,1,1,1,1,1,1,1,1,1,1,1,1,0,1,1,1,1,1,1,1,0,1,1,1,1,1,1,1,1,1,1,1,1,1,1,1,1,0,1,1,1,0,0,1,1,1,1,1,1,1,1,1,1,1,1,1,1,1,1,1,1,1,1,1,1,1,1,1,1,1,0,1,1,1,1,1,1,1,1,1,1,1,1,1,1,1,1
80,1,1,1,1,1,1,1,1,1,1,1,1,1,1,1,1,1,1,1,1,1,1,1,1,1,1,0,1,1,1,1,1,1,1,1,1,1,1,1,1,1,1,1,1,1,1,1,1,1,1,1,0,1,1,1,1,0,1,1,1,1,1,1,1,1,1,1,1,1,1,1,1,1,1,0,1,1,1,1,1,1,1,1,1,1,1,1,1,1,1,1,1,1,1,1,1,1,1,1,1,1
81,1,1,0,1,0,0,1,0,1,0,0,1,0,1,0,0,0,1,1,1,1,0,1,1,1,1,0,1,1,0,1,1,0,1,1,0,1,0,1,1,1,0,0,1,0,1,1,1,1,0,1,1,0,1,0,1,1,0,1,0,1,0,0,0,1,1,0,0,0,1,1,0,1,0,0,1,1,1,1,0,1,0,0,1,1,0,1,0,1,0,1,1,1,0,1,0,0,0,1,0,1
82,0,0,1,0,1,1,0,1,0,1,1,0,1,0,1,1,1,0,0,0,0,1,0,0,0,0,0,0,1,1,0,0,1,0,0,1,0,1,0,0,0,1,1,0,1,0,0,0,0,1,0,0,1,0,1,0,1,1,0,1,0,1,1,1,0,0,1,1,1,0,0,1,0,1,1,0,0,0,0,1,0,1,1,0,0,1,0,1,0,1,0,0,0,1,0,1,1,1,0,1,0
83,1,1,0,1,1,1,1,0,1,0,0,1,1,1,0,1,0,1,1,1,1,1,1,1,1,1,0,1,1,1,1,1,1,1,1,0,1,0,1,1,1,0,1,1,0,1,1,1,1,1,1,1,1,1,0,1,1,0,1,1,1,0,0,0,1,1,1,1,0,1,1,0,1,0,1,1,1,1,1,0,1,0,1,1,1,1,1,1,1,1,1,1,1,0,1,1,0,0,1,0,1
84,0,0,1,0,1,1,0,1,0,1,1,0,1,0,1,1,1,0,0,0,1,1,0,0,0,0,0,0,1,1,0,0,1,0,0,1,0,1,0,0,0,1,1,1,1,1,0,0,0,1,1,1,1,0,1,0,1,1,1,1,0,1,1,1,0,0,1,1,1,0,0,1,1,1,1,0,0,0,0,1,0,1,1,0,0,1,0,1,0,1,0,0,0,1,0,0,1,1,0,1,0
85,0,0,0,0,0,0,0,0,0,0,0,0,0,0,0,1,0,0,0,0,0,0,0,0,0,0,0,0,0,0,0,0,0,0,0,0,0,0,0,0,0,0,0,0,0,0,0,0,0,0,0,0,0,0,0,0,0,0,0,0,0,0,0,0,0,0,0,0,0,0,0,0,0,0,0,0,0,0,0,0,0,0,0,0,0,0,0,0,0,0,0,0,0,0,0,0,0,0,0,0,0
86,0,0,1,0,1,1,0,1,0,1,1,0,1,0,1,1,1,0,0,0,0,1,0,0,0,0,0,0,1,1,0,0,1,0,0,1,0,1,0,0,0,1,1,0,1,0,0,0,0,1,1,0,1,0,1,0,1,1,0,1,0,1,1,1,0,0,1,1,1,0,0,1,0,1,1,0,0,0,0,1,0,1,1,0,0,1,0,1,0,1,0,0,0,1,0,1,1,1,0,1,0
87,1,1,1,1,1,1,1,1,1,1,1,1,1,1,1,1,1,1,1,1,1,1,1,1,1,1,0,1,1,1,1,1,1,1,1,1,1,1,1,1,1,1,1,1,1,1,1,1,1,1,1,1,1,1,1,1,1,1,1,1,1,1,1,1,1,1,1,1,1,1,1,1,1,1,1,1,1,1,1,1,1,1,1,1,1,1,1,1,1,1,1,1,1,1,1,1,1,1,1,1,1
88,1,1,0,1,0,0,1,0,1,0,0,1,0,1,0,0,0,1,1,1,1,0,1,1,1,1,0,1,1,0,1,1,0,1,1,0,1,0,1,1,1,0,1,1,0,1,1,1,1,0,1,1,1,1,0,1,1,0,1,1,1,0,0,0,1,1,0,0,0,1,1,0,1,0,0,1,1,1,1,0,1,0,0,1,1,0,1,0,1,0,1,1,1,0,1,0,0,0,1,0,1
89,0,1,1,0,1,1,0,1,0,1,1,0,1,0,1,1,1,0,0,0,1,1,0,0,0,0,0,0,1,1,0,0,1,0,0,1,0,1,1,0,0,1,0,0,1,0,0,0,0,1,1,1,1,0,1,0,0,1,0,1,0,1,1,1,0,0,1,1,1,0,0,1,1,1,1,0,0,0,0,1,0,1,1,0,0,1,0,1,0,1,0,0,0,1,0,1,1,1,0,1,0
90,0,0,1,0,1,1,0,1,0,1,1,0,1,0,1,1,1,0,0,0,1,1,0,0,0,0,0,0,1,1,0,0,1,0,0,1,0,1,0,0,0,1,1,1,1,0,0,0,0,0,1,0,1,0,1,0,1,1,0,1,0,1,1,1,0,0,1,1,1,0,0,1,0,1,1,0,0,0,0,1,0,1,1,0,0,1,0,1,0,1,0,0,0,1,0,0,1,1,0,1,0
91,0,0,1,0,1,1,0,1,0,1,1,0,1,0,1,1,1,0,0,0,0,1,0,0,0,0,0,0,1,1,0,0,1,0,0,1,0,1,0,0,0,1,1,0,1,0,0,0,0,1,1,0,1,0,1,0,1,1,0,1,0,1,1,1,0,0,1,1,1,0,0,1,0,1,1,0,0,0,0,1,0,1,1,0,0,1,0,1,0,1,0,0,0,1,0,1,1,1,0,1,0
92,1,1,1,1,1,1,1,1,1,1,1,1,1,1,1,1,1,1,1,1,1,1,1,1,1,1,0,1,1,1,1,1,1,1,1,1,1,1,1,1,1,1,1,1,1,1,1,1,1,1,1,1,1,1,1,1,1,1,1,1,1,1,1,1,1,1,1,1,1,1,1,1,1,1,1,1,1,1,1,1,1,1,1,1,1,1,1,1,1,1,1,1,1,1,1,1,1,1,1,1,1
93,0,0,1,0,1,1,0,1,0,1,1,0,1,0,1,1,1,0,0,0,1,1,0,0,0,0,0,0,1,1,0,0,1,0,0,1,0,1,0,0,0,1,1,0,1,0,0,0,0,1,1,0,1,0,1,0,1,1,0,1,0,1,1,1,0,0,1,1,1,0,0,1,1,1,1,0,0,0,0,1,0,1,1,0,0,1,0,1,0,1,0,0,0,1,0,1,1,1,0,1,0
94,0,0,1,0,1,1,0,1,0,1,1,0,1,0,1,1,1,0,0,0,0,1,0,0,0,0,0,0,1,1,0,0,1,0,0,1,0,1,0,0,0,1,1,0,1,0,0,0,0,1,1,0,1,0,1,0,1,1,0,1,0,1,1,1,0,0,1,1,1,0,0,1,0,1,1,0,0,0,0,1,0,1,1,0,0,1,0,1,0,1,0,0,0,1,0,1,1,1,0,1,0
95,0,0,1,0,1,1,0,1,0,1,1,0,1,0,1,1,1,0,0,0,1,1,0,0,0,0,0,0,1,1,0,0,1,0,0,1,0,1,0,0,0,1,1,0,1,0,0,0,0,1,1,0,1,0,1,0,1,1,0,1,0,1,1,1,0,0,1,1,1,0,0,1,0,1,1,0,0,0,0,1,0,1,1,0,0,1,0,1,0,1,0,0,0,1,0,1,1,1,0,1,0
96,0,1,0,1,0,0,1,0,1,0,0,1,0,0,0,0,0,1,1,0,1,0,0,0,1,1,1,0,0,0,1,0,0,0,0,0,1,0,1,0,0,0,0,0,0,1,1,1,1,0,0,1,0,0,0,0,0,0,1,1,1,0,0,0,1,1,0,0,0,0,0,0,0,0,0,1,1,0,1,0,1,0,0,0,0,0,1,0,1,0,1,0,0,0,0,0,0,0,1,0,0
97,0,0,0,0,0,0,0,0,0,0,0,0,0,0,0,0,0,0,0,0,0,0,0,0,0,0,0,0,0,0,1,0,0,0,0,0,0,0,0,0,0,0,0,0,0,0,0,0,0,0,0,0,0,0,0,0,0,0,0,0,1,0,0,0,0,0,0,0,0,1,0,0,0,0,0,0,0,0,0,0,0,0,0,0,0,0,0,0,0,0,0,0,0,0,1,0,0,0,0,0,0
98,1,1,1,0,1,1,0,1,0,1,1,1,1,0,1,1,1,1,0,0,1,1,1,0,0,0,0,0,1,1,0,0,1,0,0,1,0,1,0,0,0,1,1,0,1,1,0,1,1,1,1,1,1,0,1,0,1,1,1,1,0,1,1,1,0,1,1,1,1,0,0,1,1,1,1,0,0,0,0,1,0,1,1,0,0,1,0,1,0,1,1,0,1,1,0,1,1,1,0,1,1
99,1,1,1,1,1,1,1,1,1,1,1,1,1,1,1,1,1,1,1,1,1,1,1,1,1,1,1,1,1,1,1,1,1,1,1,1,1,1,1,1,1,1,1,1,1,1,1,1,1,1,1,1,1,1,1,1,1,1,1,1,1,1,1,1,1,1,1,1,1,1,1,1,1,1,1,1,1,1,1,1,1,1,1,1,1,1,1,1,1,1,1,1,1,1,1,1,1,1,1,1,1
100,0,0,1,0,1,1,0,1,0,1,1,0,1,0,1,1,1,0,0,0,0,1,0,0,0,0,0,0,1,1,0,0,1,0,0,1,0,1,0,0,0,1,1,0,1,0,0,0,0,1,1,0,1,0,1,0,0,1,0,1,0,1,1,1,0,0,1,1,1,0,0,1,0,1,1,0,0,0,0,1,0,1,1,0,0,1,0,1,0,1,0,0,0,1,0,1,1,1,0,1,0
101,0,0,1,0,1,1,0,1,0,1,1,0,1,0,1,1,1,0,0,0,0,1,0,0,0,0,0,0,1,1,0,0,1,0,0,1,0,1,0,0,0,1,1,0,1,0,0,0,0,1,1,0,1,0,1,0,1,1,0,1,0,1,1,1,0,0,1,1,1,0,0,1,0,1,1,0,0,0,0,1,0,1,1,0,0,1,0,1,0,1,0,0,0,1,0,1,1,1,0,1,0
102,1,1,0,1,1,0,1,0,1,0,0,1,0,1,0,0,0,1,1,1,1,0,1,1,1,1,1,1,0,0,1,1,0,1,1,0,1,0,1,1,1,0,0,1,0,1,1,1,1,0,0,1,0,1,0,1,1,0,1,0,1,0,0,0,1,1,0,0,0,1,1,0,1,0,0,1,1,1,1,0,1,0,0,1,1,0,1,0,1,0,1,1,1,0,1,0,0,0,1,0,1
103,1,1,0,1,0,0,1,0,1,0,0,1,0,1,0,0,0,1,1,1,1,0,1,1,1,1,1,1,1,0,1,1,0,1,1,0,1,0,1,1,1,0,1,1,0,1,1,1,1,0,0,1,0,1,0,1,1,0,1,1,1,0,0,0,1,1,0,0,0,1,1,0,1,0,0,1,1,1,1,0,1,0,0,1,1,0,1,0,1,0,1,1,1,0,1,0,0,0,1,0,1
104,0,0,1,0,1,1,0,1,0,1,1,0,1,0,1,1,1,0,0,0,0,1,0,0,0,0,0,0,1,1,0,0,1,0,0,1,0,1,0,0,0,1,1,0,1,0,0,0,0,1,1,0,1,0,1,0,1,1,0,1,0,1,1,1,0,0,1,1,1,0,0,1,0,1,1,0,0,0,0,1,0,1,1,0,0,1,0,1,0,1,0,0,0,1,0,1,1,1,0,1,0
105,1,1,0,1,0,0,1,0,1,0,0,1,0,1,0,0,0,1,1,1,1,0,1,1,1,1,1,1,0,0,1,1,0,1,1,0,1,0,1,1,1,0,0,1,0,1,1,1,1,0,0,1,0,1,0,1,0,0,1,0,1,0,0,0,1,1,0,0,0,1,1,0,1,0,0,1,1,1,1,0,1,0,0,1,1,0,1,0,1,0,1,1,1,0,1,0,0,0,1,0,1
106,0,0,0,1,0,0,1,0,1,0,0,1,0,1,0,0,0,1,1,1,1,0,1,1,1,1,1,1,0,0,1,1,0,1,1,0,0,0,1,1,1,0,0,1,0,1,1,1,1,0,0,1,0,1,0,1,0,0,1,0,1,0,0,0,1,1,0,0,0,1,1,0,1,0,0,1,1,1,1,0,1,0,0,1,1,0,1,0,1,0,1,1,1,0,1,0,0,0,1,0,1
107,0,0,1,0,1,1,0,1,0,1,1,0,1,0,1,1,1,0,0,0,1,1,0,0,0,0,0,0,0,1,0,0,1,0,0,1,0,1,0,0,0,1,1,0,1,0,0,0,0,1,1,1,1,0,1,0,1,1,0,1,0,1,1,1,0,0,1,1,1,0,0,1,0,1,1,0,0,0,0,1,0,1,1,0,0,1,0,1,0,1,0,0,0,1,0,1,1,1,0,1,0
108,1,1,0,1,0,0,1,0,1,0,0,1,0,1,0,0,0,1,1,1,1,0,1,1,1,1,1,1,1,0,1,1,0,1,1,0,1,0,1,1,1,1,1,1,0,1,1,1,1,0,0,1,0,1,0,1,1,0,1,0,1,0,0,0,1,1,0,0,0,1,1,0,1,0,0,1,1,1,1,0,1,0,0,1,1,0,1,0,1,1,1,1,1,0,1,0,0,0,1,0,1
109,1,1,1,1,1,1,1,1,1,1,1,1,1,1,1,1,1,1,1,1,1,1,1,1,1,1,1,1,1,1,1,1,1,1,1,1,1,1,1,1,1,1,1,1,1,1,1,1,1,1,1,1,1,1,1,1,1,1,1,1,1,1,1,1,1,1,1,1,1,1,1,1,1,1,1,1,1,1,1,1,1,1,1,1,1,1,1,1,1,1,1,1,1,1,1,1,1,1,1,1,1
110,0,0,1,0,1,1,0,1,0,1,1,0,1,0,1,1,1,0,0,0,0,1,0,0,0,0,0,0,1,1,0,0,1,0,0,1,0,1,0,0,0,1,1,0,1,0,0,0,0,1,1,0,1,0,1,0,1,1,0,1,0,1,1,1,0,0,1,1,1,0,0,1,0,1,1,0,0,0,0,1,0,1,1,0,0,1,0,1,0,1,0,0,0,1,0,1,1,1,0,1,0
111,0,0,1,0,1,1,0,1,0,1,1,0,1,0,1,1,1,0,0,0,0,1,0,0,0,0,0,0,1,1,0,0,1,0,0,1,0,1,0,0,0,1,1,0,1,0,0,0,0,1,1,0,1,0,1,0,1,1,0,1,0,1,1,1,0,0,1,1,1,0,0,1,0,1,1,0,0,0,0,1,0,1,1,0,0,1,0,1,0,1,0,0,0,1,0,1,1,1,0,1,0
112,1,1,0,1,0,0,1,0,1,0,0,1,0,1,0,0,0,1,1,1,1,0,1,1,1,1,1,1,0,0,1,1,0,1,1,0,1,0,1,1,1,0,0,1,0,1,1,1,1,1,1,1,0,1,0,1,1,0,1,1,1,0,0,0,1,1,0,0,0,1,1,0,1,0,0,1,1,1,1,0,1,1,0,1,1,0,1,0,1,0,1,1,1,0,1,0,0,0,1,0,1
113,1,1,1,1,1,1,1,1,1,1,1,1,1,1,1,1,1,1,1,1,1,1,1,1,1,1,1,1,1,1,1,1,1,1,1,1,1,1,1,1,1,1,1,1,1,1,1,1,1,1,1,1,1,1,1,1,1,1,1,1,1,1,1,1,1,1,1,1,1,1,1,1,1,1,1,1,1,1,1,1,1,1,1,1,1,1,1,1,1,1,1,1,1,1,1,1,1,1,1,1,1
114,1,1,0,1,0,0,1,0,1,0,0,1,0,1,0,0,0,1,1,1,0,0,1,1,1,1,1,1,0,0,1,1,0,1,1,0,1,0,1,1,1,0,0,1,0,1,1,1,1,0,0,1,0,1,0,1,1,0,1,0,1,0,0,0,1,1,0,0,0,1,1,0,1,0,0,1,1,1,1,0,1,0,0,1,1,0,1,0,1,0,1,1,1,0,1,0,0,0,1,0,1
115,0,1,1,0,1,1,0,1,0,1,1,0,1,0,1,1,1,0,0,0,1,1,0,0,0,0,0,0,1,1,0,0,1,0,0,1,0,1,1,0,0,1,1,1,1,0,0,0,0,1,1,1,1,0,1,0,1,1,0,1,0,1,1,1,0,1,1,1,1,0,0,1,1,1,1,0,0,0,0,1,0,1,1,0,0,1,0,1,0,1,0,0,0,1,0,1,1,1,0,1,1
116,1,1,0,1,0,0,1,0,1,0,0,1,0,1,0,0,0,1,1,1,1,0,1,1,1,1,1,1,1,0,1,1,0,1,1,0,1,0,1,1,1,0,1,1,0,1,1,1,1,0,0,1,0,1,0,1,1,0,1,0,1,0,0,0,1,1,0,0,0,1,1,0,1,0,0,1,1,1,1,0,1,0,0,1,1,0,1,0,1,0,1,1,1,0,1,0,0,0,1,0,1
117,0,0,1,0,1,1,0,1,0,1,1,0,1,0,1,1,1,0,0,0,0,1,0,0,0,0,0,0,1,1,0,0,1,0,0,1,0,1,0,0,0,1,1,0,1,0,0,0,0,1,1,0,1,0,1,0,1,1,0,1,0,1,1,1,0,0,1,1,1,0,0,1,0,1,1,0,0,0,0,1,0,1,1,0,0,1,0,1,0,1,0,0,0,1,0,1,1,1,0,1,0
118,1,1,0,1,1,0,1,0,1,0,0,1,0,1,0,0,0,1,1,1,1,0,1,1,1,1,1,1,0,0,1,1,0,1,1,0,1,0,1,1,1,0,1,1,0,1,1,1,1,0,0,1,0,1,0,1,1,0,1,1,1,0,0,0,1,1,0,0,0,1,1,0,1,0,0,1,1,1,1,0,1,0,0,1,1,0,1,0,1,1,1,1,1,0,1,0,0,0,1,0,1
119,0,0,1,0,1,1,0,1,0,1,1,0,1,0,1,1,1,0,0,0,0,1,0,0,0,0,0,0,1,1,0,0,1,0,0,1,0,1,0,0,0,1,1,0,1,0,0,0,0,1,1,0,1,0,1,0,1,1,0,1,0,1,1,1,0,0,1,1,1,0,0,1,0,1,1,0,0,0,0,1,0,1,1,0,0,1,0,1,0,1,0,0,0,1,0,1,1,1,0,1,0
120,1,1,0,1,0,0,1,0,1,0,0,1,0,1,0,0,0,1,1,1,1,0,1,1,1,1,1,0,0,0,1,1,0,1,1,0,1,0,1,1,1,0,0,1,0,1,1,1,1,0,0,0,0,1,0,1,0,0,1,0,1,0,0,0,1,0,0,0,0,1,1,0,1,0,0,1,1,1,1,0,1,0,0,1,1,0,1,0,1,0,1,1,1,0,1,0,0,0,1,0,1
121,0,1,1,0,1,1,0,1,0,1,1,1,1,1,1,1,1,0,0,0,1,1,1,0,0,0,0,0,1,1,0,0,1,0,0,1,0,1,0,0,0,1,1,1,1,0,0,0,1,1,1,1,1,0,1,0,1,1,0,1,0,1,1,1,0,1,1,1,1,0,0,1,1,1,1,0,0,0,0,1,0,1,1,0,0,1,0,1,0,1,0,1,0,1,0,1,1,1,0,1,1
122,1,1,0,1,0,0,1,0,1,0,0,1,0,1,0,1,0,1,1,1,1,0,1,1,1,1,1,1,0,0,1,1,0,1,1,0,1,0,1,1,1,0,0,1,0,1,1,1,1,0,1,1,0,1,0,1,0,0,1,1,1,0,0,0,1,1,0,0,0,1,1,0,1,0,0,1,1,1,1,0,1,0,0,1,1,0,1,0,1,0,1,1,1,0,1,0,0,0,1,0,1
123,0,1,1,0,1,1,0,1,0,1,1,0,1,0,1,1,1,0,0,0,1,1,1,0,0,0,0,0,1,1,0,0,1,0,0,1,0,1,0,0,0,1,1,0,1,0,0,0,0,1,1,0,1,0,1,0,1,1,0,1,0,1,1,1,0,0,1,1,1,0,0,1,1,1,1,0,0,0,1,1,0,1,1,0,0,1,0,1,0,1,0,0,0,1,0,1,1,1,0,1,0
124,1,1,0,1,0,0,1,0,1,0,0,1,0,1,0,0,0,1,1,1,1,0,1,1,1,1,1,1,1,0,1,1,0,1,1,0,1,0,1,1,1,0,0,1,0,1,1,1,1,0,1,1,0,1,0,1,1,0,1,1,1,0,0,0,1,1,0,0,0,1,1,0,1,0,0,1,1,1,1,0,1,0,0,1,1,0,1,0,1,0,1,1,1,0,1,0,0,0,1,0,1
125,0,1,1,0,1,1,0,1,1,1,1,0,1,1,1,1,1,0,1,0,1,1,1,0,0,1,1,0,1,1,0,0,1,0,0,1,1,1,0,1,0,1,1,0,1,1,0,0,1,1,1,0,1,0,1,1,1,1,1,1,0,1,1,1,1,1,1,1,1,0,0,1,1,1,1,1,1,0,1,1,1,1,1,1,1,1,1,1,1,1,1,0,1,1,0,1,1,1,0,1,1
126,1,1,0,1,0,0,1,0,1,0,0,1,0,1,0,0,0,1,1,1,1,0,1,1,1,1,1,1,1,0,1,1,0,1,1,0,1,0,1,1,1,0,0,1,0,1,1,1,1,0,0,1,0,1,0,1,1,0,1,0,1,0,0,0,1,1,0,0,0,1,1,0,1,0,0,1,1,1,1,0,1,0,0,1,1,0,1,0,1,0,1,1,1,0,1,0,0,0,1,0,1
127,0,0,1,0,1,1,0,1,0,1,1,0,1,0,1,1,1,0,0,0,0,1,0,0,0,0,0,0,1,1,0,0,0,0,0,1,0,1,0,0,0,1,1,0,1,0,0,0,0,1,1,0,1,0,1,0,1,1,0,1,0,1,1,0,0,0,1,1,1,0,0,1,0,1,1,0,0,0,0,1,0,1,1,0,0,1,0,1,0,1,0,0,0,1,0,1,1,1,0,1,0
128,1,0,0,1,0,0,1,0,1,0,0,1,0,1,0,0,0,1,1,1,0,0,1,1,1,1,1,1,0,0,1,1,0,1,1,0,1,0,1,1,1,0,1,1,0,1,1,1,1,0,0,0,0,1,0,1,1,0,1,0,1,0,0,0,1,1,0,0,0,1,1,0,1,0,0,1,1,1,1,0,1,0,0,1,1,0,0,0,1,0,1,1,1,0,1,0,0,0,1,0,1
129,1,1,0,1,0,0,1,0,1,0,0,1,0,1,0,0,0,1,1,1,1,0,1,0,1,1,1,1,1,0,0,1,0,1,0,0,1,0,1,1,1,0,0,1,0,1,1,1,1,0,1,0,0,1,0,1,0,0,1,0,1,0,0,0,1,1,0,0,0,1,1,0,1,0,0,1,1,0,1,0,1,0,0,1,1,0,1,0,0,0,1,0,1,0,1,0,0,0,1,0,0
130,1,1,0,1,1,0,1,0,1,0,0,1,0,1,0,0,0,1,0,1,0,0,1,1,1,1,1,1,0,0,1,1,0,1,1,0,1,0,1,1,1,0,0,1,0,1,1,1,1,0,0,1,0,1,0,1,0,0,1,0,1,0,0,0,1,0,0,0,0,1,1,0,1,0,0,1,1,1,1,0,1,0,0,1,1,0,1,0,1,0,1,1,1,0,1,0,0,0,1,0,1
131,0,0,1,0,1,1,0,1,0,1,1,0,1,0,1,0,1,0,0,0,0,1,0,0,0,0,0,0,1,1,0,0,0,0,0,1,0,1,0,0,0,1,0,0,1,0,0,0,0,1,1,0,1,0,1,0,1,1,0,1,0,1,1,0,0,0,1,1,1,0,0,1,0,1,1,0,0,0,0,1,0,1,1,0,0,1,0,1,0,1,0,0,0,1,0,1,1,1,0,1,0
132,0,1,0,1,0,0,1,0,1,0,0,1,0,1,0,0,0,1,1,1,0,0,1,1,1,1,1,1,0,0,1,1,0,1,1,0,1,0,1,1,1,0,0,1,0,1,1,1,1,0,0,1,0,1,0,1,1,0,1,0,1,0,0,0,1,1,0,0,0,1,1,0,1,0,0,1,1,1,1,0,1,0,0,1,1,0,1,0,1,1,1,1,1,0,1,0,0,0,1,0,1
133,1,0,1,0,1,1,0,1,0,1,1,0,1,0,1,1,1,0,0,0,0,1,1,0,0,0,0,0,1,1,0,0,0,0,0,1,0,1,0,0,0,1,1,0,1,0,0,0,0,1,1,0,1,0,1,0,0,1,0,1,0,1,1,0,0,1,1,1,1,1,0,1,0,1,1,0,0,0,0,1,0,1,1,0,0,1,0,1,0,1,0,0,0,1,0,1,1,1,0,1,0
134,1,1,1,0,1,1,0,1,0,1,1,0,1,0,1,1,1,0,0,0,1,1,1,0,0,0,0,0,1,1,0,0,0,0,0,1,0,1,1,0,0,1,1,0,1,0,0,0,0,1,1,0,1,0,1,0,1,1,1,1,0,1,1,0,0,0,1,1,1,0,0,1,0,1,1,0,0,0,0,1,0,1,1,0,0,1,0,1,0,1,0,0,0,1,0,1,1,1,0,1,1
135,1,1,0,1,0,0,1,0,1,0,0,1,0,1,0,0,0,1,1,1,1,0,1,1,1,1,0,1,0,0,1,1,0,1,1,0,1,0,1,1,1,0,0,1,0,1,1,1,1,0,0,1,0,1,0,1,0,0,1,0,1,0,0,0,1,1,0,0,0,0,1,0,1,0,0,1,1,1,1,0,1,0,0,1,1,0,1,0,1,0,1,1,1,0,1,0,0,0,1,0,1
136,1,0,1,1,1,1,1,1,1,1,1,1,1,1,1,1,1,1,1,1,1,1,1,1,1,1,0,1,1,1,1,1,1,1,1,1,1,1,0,1,1,1,1,1,1,1,1,1,1,1,1,1,1,1,1,1,1,1,1,1,1,1,1,1,1,1,1,1,1,1,1,1,1,1,1,1,1,1,0,1,1,1,1,1,1,1,1,1,1,1,1,1,0,1,1,1,1,1,1,1,1
137,1,1,0,1,0,0,1,0,1,0,0,1,0,1,0,0,0,1,1,1,1,0,1,1,1,1,1,1,0,0,1,1,0,1,1,0,1,0,1,1,1,0,0,1,0,1,1,1,1,0,0,1,0,1,0,1,0,0,1,0,1,0,0,0,1,1,0,0,0,1,1,0,1,0,0,1,1,1,1,0,1,0,0,1,1,0,1,0,1,0,1,1,1,0,1,0,0,0,1,0,0
138,0,1,1,0,1,1,0,1,0,1,1,0,1,0,1,1,1,0,0,0,1,1,0,0,0,0,0,0,1,1,0,0,1,0,0,1,0,1,0,0,0,1,1,1,1,0,0,0,0,1,1,0,1,0,1,0,1,1,0,1,0,1,1,1,0,0,1,1,1,0,0,1,1,1,1,0,0,0,0,1,0,1,1,0,0,1,0,1,0,1,0,0,0,1,0,1,1,1,0,1,0
139,0,1,0,1,0,0,1,0,1,0,0,1,0,0,0,0,0,0,1,0,0,0,1,0,1,1,1,1,0,0,1,1,0,1,1,0,1,0,0,1,0,0,0,0,0,1,1,1,1,0,0,1,0,1,0,1,0,0,1,0,0,0,0,0,1,1,0,0,0,1,0,0,1,0,0,1,1,1,1,0,1,0,0,1,1,0,1,0,1,0,1,0,1,0,1,0,0,0,1,0,0
140,0,0,1,0,1,1,0,1,0,1,1,0,1,0,1,1,0,0,0,0,0,1,0,0,0,0,0,0,0,1,0,0,1,0,0,1,0,1,0,0,0,1,1,0,1,0,0,0,0,1,1,0,1,0,1,0,0,1,0,1,0,1,1,1,0,0,1,1,1,0,0,1,0,1,1,0,0,0,0,1,0,1,1,0,0,1,0,1,0,1,0,0,0,1,0,1,1,1,0,1,0
141,0,0,0,0,0,0,0,0,1,0,0,0,0,0,0,0,0,0,0,0,0,0,0,0,1,0,1,0,0,0,0,0,0,0,0,0,0,0,0,0,0,0,0,0,0,0,1,0,0,0,0,0,0,0,0,1,0,0,0,0,0,0,0,0,0,0,0,0,0,1,0,0,0,0,0,0,0,0,1,0,1,0,0,0,1,0,1,0,0,0,0,0,0,0,1,0,0,0,0,0,0
142,0,1,1,0,1,1,0,1,0,1,1,1,1,0,1,1,1,1,0,0,1,1,0,0,0,0,0,0,1,1,0,0,1,0,0,1,0,1,1,0,0,1,1,0,1,1,0,0,0,1,1,1,1,0,1,0,0,1,0,1,0,1,1,1,1,1,1,1,1,1,0,1,1,1,1,0,0,1,0,1,0,1,1,0,0,1,0,1,0,1,0,0,0,1,1,1,1,1,0,1,0
143,1,0,1,0,1,1,1,1,1,1,1,1,1,1,1,1,1,1,0,1,1,1,1,1,0,0,0,0,1,1,0,0,1,0,1,1,0,1,1,0,1,1,1,1,1,0,0,1,0,1,1,1,1,0,1,0,1,1,1,1,1,1,1,1,1,1,1,1,1,1,0,1,0,1,1,0,1,1,0,1,0,1,1,0,0,1,0,1,0,1,0,1,0,1,0,1,1,1,1,1,1
144,1,1,1,1,1,1,1,1,1,1,1,1,1,1,1,1,1,1,1,1,1,1,1,1,1,1,0,1,1,1,1,1,1,1,1,1,1,1,1,1,1,1,1,1,1,1,1,1,1,1,1,1,1,1,1,0,1,1,1,1,1,1,1,1,1,1,1,1,1,1,0,1,1,1,1,1,1,1,0,1,0,1,1,0,0,1,0,1,1,1,1,1,1,1,1,1,1,1,1,1,1
145,1,1,0,1,0,0,1,0,1,0,0,1,0,1,0,0,0,1,1,1,1,1,1,1,1,1,0,1,0,0,1,1,0,1,1,0,1,0,1,1,1,0,0,1,0,1,1,1,1,1,1,1,0,1,0,1,0,0,1,0,1,0,0,0,1,1,0,0,0,0,1,0,1,0,0,1,1,1,1,0,1,0,0,1,1,0,0,0,1,0,1,1,1,0,0,1,0,0,1,0,1
146,0,1,1,1,1,1,1,1,1,1,1,0,1,1,1,1,1,1,0,1,1,1,1,1,0,0,0,1,1,1,1,1,1,1,0,1,1,1,1,1,0,1,1,1,1,1,1,1,1,1,1,1,1,1,1,1,1,1,1,1,1,1,1,1,1,1,1,1,1,1,1,1,1,1,0,0,1,1,1,1,0,1,1,1,1,1,1,1,1,1,1,0,0,1,0,1,1,1,1,1,1
147,1,1,1,1,1,1,1,1,1,0,1,1,1,1,1,1,1,0,0,1,1,1,0,1,1,1,0,1,1,1,1,1,1,1,0,1,1,1,1,1,1,1,1,1,1,1,1,1,1,1,1,0,1,1,1,0,1,1,1,1,1,1,1,1,1,1,1,1,1,0,0,1,1,1,0,1,1,1,0,1,1,1,1,1,1,1,1,1,1,1,1,0,0,1,0,1,1,1,1,1,1
148,1,1,1,1,1,1,1,1,1,0,1,1,1,1,1,1,1,1,1,1,1,1,1,1,1,1,0,1,1,1,1,1,1,1,1,1,1,1,1,1,1,1,1,1,1,1,1,1,1,1,1,1,1,1,1,1,1,1,1,1,1,1,1,1,1,1,1,1,1,1,1,1,1,1,1,1,1,1,1,1,1,1,1,1,1,1,1,1,1,1,1,1,1,1,0,1,1,1,1,1,1
149,0,0,1,0,1,1,0,1,0,0,1,0,1,0,1,1,1,0,0,0,0,1,0,0,0,0,0,0,1,1,0,0,1,0,0,1,0,1,0,0,0,1,1,0,1,0,0,0,0,1,1,0,1,0,1,0,1,1,0,1,0,1,1,1,0,0,1,1,1,0,0,1,0,1,1,0,0,0,0,1,0,1,1,0,0,1,0,1,0,1,0,0,0,1,0,1,1,1,0,1,0
150,1,1,1,1,1,1,1,1,1,0,1,1,1,1,1,1,1,1,0,0,1,1,1,1,1,1,0,1,1,1,1,1,1,1,0,1,1,1,1,1,0,1,1,1,1,1,0,1,0,1,1,1,1,0,1,0,1,1,1,1,0,1,1,1,1,1,1,1,1,1,0,1,1,1,1,1,1,1,1,1,0,1,1,0,0,1,1,1,1,1,1,1,1,1,0,1,1,1,1,1,1
151,1,1,0,1,0,0,1,0,1,0,0,1,0,1,0,0,0,1,1,1,1,0,1,1,1,1,0,1,1,0,1,1,0,1,1,0,1,0,1,1,1,0,0,1,0,1,1,1,1,1,1,1,0,1,0,1,1,0,1,0,1,0,0,0,1,1,0,0,0,1,1,0,1,0,0,1,1,1,1,0,1,0,0,1,1,0,1,0,1,0,1,1,1,0,0,1,0,0,1,0,1
152,0,0,1,0,1,1,0,1,0,0,1,0,1,0,1,1,1,0,0,0,0,1,0,0,0,0,0,0,1,1,0,0,1,0,0,1,0,1,0,0,0,1,1,0,1,0,0,0,0,1,0,0,1,0,1,0,1,1,0,1,0,1,1,1,0,0,1,1,1,0,0,1,0,1,1,0,0,0,0,1,0,1,1,0,0,1,0,1,0,1,0,0,0,1,0,1,1,1,0,1,0
153,0,0,1,0,1,1,0,1,0,0,1,0,1,0,1,1,1,0,0,0,0,1,0,0,0,0,0,0,1,1,0,0,1,0,0,1,0,1,0,0,0,1,1,0,1,0,0,0,0,1,1,0,1,0,1,0,1,1,0,1,0,1,1,1,0,0,1,1,1,0,0,1,0,1,1,0,0,0,0,1,0,1,1,0,0,1,0,1,0,1,0,0,0,1,0,1,1,1,0,1,0
154,1,1,1,1,1,1,1,1,1,0,1,1,1,1,1,1,1,1,1,1,1,1,1,1,1,1,0,1,1,1,1,1,1,1,1,1,1,1,1,1,1,1,1,1,1,1,1,1,1,1,1,1,1,1,1,0,1,1,1,1,1,1,1,1,1,1,1,1,1,1,1,1,1,1,1,1,1,1,0,1,1,1,1,1,1,1,1,1,1,1,1,1,1,1,0,1,1,1,1,1,1
155,0,1,1,1,1,1,0,1,1,1,1,1,1,1,1,1,1,1,0,1,1,1,1,1,1,1,0,1,1,1,1,1,1,1,1,1,1,1,0,1,1,1,1,1,1,1,1,1,1,1,1,1,1,1,1,1,1,1,1,1,1,1,1,1,1,0,1,1,1,1,1,1,1,1,1,1,1,1,0,1,1,1,1,1,1,1,1,1,0,1,1,1,0,1,1,1,1,1,1,1,1
156,0,0,1,0,1,1,0,1,0,1,1,0,1,0,1,1,0,0,0,0,0,1,0,0,0,0,0,0,0,1,0,0,1,0,0,1,0,1,0,0,0,1,1,0,1,0,0,0,0,1,1,0,1,0,1,0,0,1,0,1,0,1,1,1,0,0,1,1,1,0,0,1,0,1,1,0,0,0,0,1,0,1,1,0,0,1,0,1,0,1,0,0,0,1,0,1,1,1,0,1,0
157,1,1,1,1,1,1,1,1,1,1,1,1,1,1,1,1,1,1,1,1,1,1,1,1,1,1,0,1,1,1,1,1,1,1,1,1,1,1,1,1,1,1,1,1,1,1,1,1,1,1,1,1,1,1,1,1,1,1,1,1,1,1,1,1,1,1,1,1,1,1,1,1,1,1,1,1,1,1,0,1,1,1,1,1,1,1,1,1,1,1,1,1,1,1,1,1,1,1,1,1,1
158,1,0,0,1,0,0,1,0,1,0,0,1,0,0,0,0,0,1,1,1,0,0,1,1,1,1,0,1,0,0,1,1,0,1,0,0,1,0,1,1,1,0,0,1,0,1,1,1,1,0,0,0,0,1,0,1,0,0,1,0,1,0,0,0,1,0,0,0,0,1,1,0,0,0,0,1,1,1,1,0,1,0,0,1,1,0,0,0,1,0,1,1,1,0,1,0,0,0,1,0,0
159,0,1,1,0,1,1,0,1,0,1,1,0,1,1,1,1,1,0,0,0,1,1,0,0,0,0,0,0,1,1,0,0,1,0,0,1,0,1,0,0,0,1,1,1,1,0,0,0,0,1,1,1,1,0,1,0,1,1,0,1,0,1,1,1,0,1,1,1,1,1,0,1,1,1,1,0,0,0,0,1,0,1,1,0,0,1,0,1,1,1,0,0,1,1,0,1,1,1,0,1,0
160,1,1,1,1,1,1,1,1,1,1,1,1,1,1,1,1,1,1,1,1,1,1,1,1,1,1,0,1,1,1,1,1,1,1,1,1,1,1,1,1,1,1,1,1,1,1,1,1,1,1,1,1,1,1,1,1,1,1,1,1,1,1,1,1,1,1,1,1,1,1,1,1,1,1,1,1,1,1,1,1,1,1,1,1,1,1,1,1,1,1,1,1,1,1,1,1,1,1,1,1,1
161,1,1,1,1,1,1,1,1,1,1,1,1,1,1,1,1,1,1,1,1,1,1,1,1,1,1,0,1,1,1,1,1,1,1,1,1,1,1,1,1,1,1,1,1,1,1,1,1,1,1,1,1,1,1,1,1,1,1,1,1,1,1,1,1,1,1,1,1,1,1,1,1,1,1,1,1,1,1,1,0,1,1,1,1,1,1,1,1,1,1,1,1,1,1,1,1,1,1,1,1,1
162,1,1,1,1,1,1,1,1,1,1,1,1,0,1,1,1,1,1,1,1,1,1,1,1,1,1,0,1,1,1,1,1,1,1,1,1,1,1,1,1,1,1,1,1,1,1,1,1,1,1,1,1,1,1,1,1,1,1,1,1,1,1,1,1,1,1,1,1,1,1,1,1,1,1,1,1,1,1,1,1,1,1,1,1,1,1,1,1,1,1,1,1,1,1,1,1,1,1,1,0,1
163,1,1,1,1,1,1,1,1,1,1,1,1,1,1,1,1,1,1,1,1,1,1,1,1,1,1,0,1,1,1,1,1,1,1,1,1,1,1,1,1,1,1,1,1,1,1,1,1,1,1,1,1,1,1,1,1,1,1,1,1,1,1,1,1,1,1,1,1,1,1,1,1,1,1,1,1,1,1,1,1,1,1,1,1,1,1,1,1,1,1,1,1,1,1,1,1,1,1,1,1,1
164,1,1,1,0,1,1,0,1,0,1,1,1,1,1,1,1,1,0,0,1,1,1,1,1,0,0,0,0,1,1,0,0,1,0,1,1,1,1,1,0,1,1,1,0,1,0,0,0,1,1,1,1,1,0,1,0,1,1,0,1,1,1,1,1,0,0,1,1,1,0,0,1,1,1,1,0,1,1,0,1,0,1,1,0,0,1,0,1,0,1,1,1,0,1,0,1,1,1,0,1,1
165,0,1,1,0,1,1,0,1,0,1,1,0,1,0,1,1,1,0,0,1,1,1,0,0,0,0,0,0,1,1,0,0,1,0,1,1,0,1,1,0,1,1,1,0,1,0,0,0,1,1,1,1,1,0,1,0,1,1,0,1,1,1,1,1,0,0,1,1,1,0,0,1,1,1,1,0,0,0,0,1,0,1,1,0,0,1,0,1,0,1,0,0,0,1,0,1,1,1,0,1,1
166,0,1,1,1,1,1,1,1,1,1,1,1,1,1,1,1,1,1,1,1,1,1,1,1,0,1,0,1,1,1,1,1,1,1,0,1,1,1,0,1,1,1,1,1,1,1,1,1,1,1,1,1,0,1,1,1,1,1,1,1,1,1,1,1,1,0,0,1,1,1,1,1,1,1,1,1,1,1,0,1,1,1,0,1,1,1,1,1,1,1,1,1,0,0,0,1,1,1,1,1,1
167,0,0,0,1,0,0,1,0,1,0,0,1,0,0,0,0,0,1,0,0,1,0,0,1,1,1,0,1,0,0,1,0,0,1,0,0,1,0,0,1,0,0,0,1,0,1,1,0,1,0,0,1,0,1,0,1,0,0,0,0,1,0,0,0,1,1,0,0,0,1,0,0,1,0,0,1,1,1,0,0,1,0,0,1,1,0,1,0,1,0,1,1,1,0,1,0,0,0,1,0,0
168,0,1,0,1,0,0,1,0,1,0,0,1,0,1,0,0,0,1,0,1,1,0,0,1,1,1,1,1,0,0,0,1,0,1,0,0,1,0,0,1,0,0,0,1,0,1,1,1,1,0,0,1,0,1,0,1,0,0,0,0,1,0,0,0,1,1,0,0,0,1,0,0,1,0,0,1,1,1,1,0,1,0,0,1,1,0,1,0,1,0,1,1,1,0,1,0,0,0,1,0,0
169,0,1,1,1,1,1,1,1,0,1,1,1,1,1,1,1,1,1,1,1,1,1,1,1,1,1,0,1,1,1,1,1,1,1,1,1,1,1,1,1,1,1,1,1,1,1,1,1,1,1,1,1,1,1,1,1,1,1,1,1,1,0,1,1,1,0,1,1,1,1,1,1,1,1,1,1,1,1,1,1,1,1,1,1,1,1,1,1,1,1,1,1,0,1,0,1,1,1,1,1,1
170,1,1,0,1,0,0,1,0,1,0,0,1,0,1,0,0,0,1,1,1,1,0,1,1,1,1,0,1,0,0,1,1,0,1,1,0,1,0,1,1,1,0,0,1,0,1,1,1,1,1,1,1,0,1,0,1,0,0,1,0,1,0,0,0,1,1,0,0,0,0,1,0,1,0,0,1,1,1,1,0,1,0,0,1,1,0,1,0,1,0,1,1,1,0,0,0,0,0,1,0,1
171,1,1,0,1,0,0,1,0,1,0,0,1,0,1,0,0,0,1,1,1,1,0,1,1,1,1,0,1,0,0,1,1,0,1,1,0,1,0,1,1,1,0,0,1,0,1,1,1,1,0,0,1,0,1,0,1,0,0,1,0,1,0,0,0,1,1,0,0,0,0,1,0,1,0,0,1,1,1,1,0,1,0,0,1,1,0,1,0,1,0,1,1,1,0,0,0,0,0,1,0,1
172,1,1,1,1,1,1,1,1,1,1,1,1,1,1,1,1,1,1,1,1,1,1,1,1,1,1,0,1,1,1,1,1,1,1,1,1,1,1,1,0,1,1,1,1,1,1,1,1,1,1,1,1,1,1,1,1,1,1,1,1,1,1,1,1,0,1,1,1,1,1,1,1,1,1,1,1,1,1,1,1,1,1,1,1,1,1,1,1,1,1,1,1,1,1,0,1,1,1,1,1,1
173,1,1,1,1,1,1,1,1,1,0,1,1,1,1,1,1,1,1,1,1,1,1,1,1,0,1,0,1,1,1,1,1,1,1,1,1,1,1,1,0,1,1,1,1,1,1,1,1,1,1,1,1,1,1,1,0,1,1,1,1,1,1,1,1,0,1,1,1,1,1,1,1,1,1,1,1,1,1,1,1,1,1,1,1,1,1,1,1,0,1,1,1,1,1,1,1,1,1,1,1,1
174,1,1,1,1,1,1,1,1,1,0,1,1,1,1,1,1,1,1,1,1,1,1,1,1,0,1,1,1,1,1,1,1,1,1,1,1,1,1,1,1,1,1,1,1,1,1,1,1,1,1,1,1,1,1,1,1,1,1,1,1,1,1,1,1,1,1,1,1,1,1,1,1,1,1,1,1,1,1,1,1,1,1,1,1,1,1,1,1,1,1,1,1,1,1,1,1,1,1,1,1,1
175,1,1,1,1,1,1,1,0,1,1,1,1,1,1,1,1,1,1,1,1,1,1,1,1,1,1,0,1,1,1,1,1,1,1,1,1,1,1,0,1,1,1,1,1,1,1,1,1,1,1,1,0,1,1,1,1,1,1,1,1,1,1,1,1,1,1,1,1,1,1,1,1,1,1,1,1,1,1,0,0,1,1,1,1,1,1,1,1,0,1,0,1,1,1,0,1,1,1,1,0,1
176,1,1,0,1,0,0,1,0,1,0,0,1,0,1,0,1,0,1,1,1,1,0,1,1,1,1,1,1,0,0,1,1,0,1,1,0,1,0,0,1,1,0,0,1,0,1,1,1,1,0,0,1,0,1,0,1,0,0,1,0,0,0,0,0,1,1,0,0,0,1,1,0,1,0,0,1,1,1,0,0,1,0,0,1,1,0,1,0,1,0,1,1,1,0,1,0,0,0,1,0,0
177,1,1,1,1,1,1,0,1,0,1,1,1,1,1,1,1,0,1,1,1,1,1,1,1,0,0,1,1,1,1,1,1,1,1,1,1,1,1,1,1,1,1,1,1,1,1,0,1,1,1,1,1,1,0,1,1,1,1,1,1,1,1,1,1,0,1,1,1,1,1,1,1,1,1,1,0,1,1,0,0,1,1,1,1,0,1,0,1,0,1,1,1,0,1,0,1,1,1,1,1,1
178,1,1,1,1,1,1,1,1,1,1,1,1,1,1,1,1,1,0,1,1,1,1,1,1,1,1,1,1,1,1,1,1,1,1,1,1,1,1,1,1,1,1,1,1,1,1,1,1,1,1,1,1,1,0,1,1,1,1,1,1,1,1,1,1,1,1,1,1,1,1,1,1,1,1,1,1,1,1,1,1,1,1,1,1,1,1,1,1,0,1,1,1,1,1,1,1,1,1,1,1,1
179,0,1,1,1,1,1,1,1,1,1,1,1,1,1,1,1,1,0,0,1,1,1,0,0,0,1,0,0,1,1,1,1,1,1,0,1,0,1,1,1,1,1,1,0,1,1,0,1,0,1,1,1,1,1,1,0,1,1,0,1,1,1,1,1,0,1,1,1,1,1,1,1,1,1,1,1,1,1,0,1,0,1,1,1,1,1,0,1,0,1,1,0,0,1,1,1,1,1,1,1,1
180,1,1,0,1,1,0,1,0,1,0,0,1,1,1,0,1,0,0,1,1,1,1,1,1,1,1,1,1,0,0,1,1,1,1,1,0,1,0,1,1,1,0,1,1,0,1,1,1,1,1,0,1,0,1,0,1,0,0,1,1,1,0,0,0,1,1,0,1,1,1,1,0,1,0,0,1,1,1,1,0,1,0,0,1,1,1,1,0,0,0,1,1,1,0,1,1,0,0,1,1,1
181,0,0,1,0,1,1,0,1,0,1,1,1,1,0,1,1,1,0,0,0,1,1,0,0,0,0,0,0,1,0,0,0,1,0,0,1,0,1,0,0,0,1,1,0,1,0,0,0,0,1,1,0,1,0,1,0,1,1,0,1,0,1,1,1,0,0,1,0,1,0,0,1,0,1,1,0,0,0,0,1,0,1,1,0,0,1,0,1,0,1,0,0,0,1,0,1,1,1,0,0,0
182,1,1,1,1,1,1,1,1,1,1,1,1,1,1,1,1,1,1,1,1,1,1,1,1,1,1,0,1,1,1,1,1,1,1,1,1,1,1,0,1,1,1,1,1,1,1,1,0,1,1,1,1,1,1,1,1,1,1,0,1,1,1,1,1,1,1,1,1,1,1,1,1,0,1,1,1,1,1,0,1,1,1,1,1,1,1,1,1,1,1,1,1,0,1,0,1,1,1,1,1,1
183,1,1,0,1,1,0,1,0,1,0,0,1,1,1,0,1,0,1,1,1,0,1,1,1,1,1,1,1,0,0,1,1,1,1,1,0,1,0,1,1,1,0,1,1,0,1,1,1,1,1,0,1,0,1,0,0,0,0,1,1,1,0,0,0,1,1,0,1,1,0,1,0,1,0,0,1,1,1,1,0,1,0,0,1,0,1,0,0,1,0,1,1,1,0,1,1,0,0,1,1,1
184,1,1,1,1,1,1,1,1,1,1,1,1,1,1,1,1,1,1,1,1,1,1,1,1,1,1,1,1,1,1,1,1,1,1,1,1,1,1,1,1,1,1,1,1,1,1,1,1,1,1,1,1,1,1,1,1,1,1,1,1,1,1,1,1,1,1,1,1,1,1,1,1,1,1,1,1,1,1,1,1,1,1,1,1,1,1,1,1,1,1,1,1,1,1,1,1,1,1,1,1,1
185,1,1,1,1,1,1,1,1,1,1,1,1,1,1,1,1,1,1,1,1,1,1,1,1,1,1,1,1,1,1,1,1,1,1,1,1,1,1,1,1,1,1,1,1,1,1,1,1,1,1,1,1,1,1,1,1,1,1,1,1,1,1,1,1,1,1,1,1,1,1,1,1,1,1,1,1,1,1,1,1,1,1,1,1,1,1,1,1,1,1,1,1,1,1,1,1,1,1,1,1,1
186,1,1,0,1,1,1,0,1,1,0,0,0,1,1,1,1,0,1,1,1,1,1,1,1,1,1,1,1,1,1,0,1,1,1,1,0,1,0,0,1,1,0,1,1,0,1,1,1,1,1,0,1,1,1,1,1,1,0,1,1,1,0,0,1,1,1,0,1,1,1,1,0,0,0,0,1,1,1,1,0,1,0,0,1,0,1,0,0,1,1,1,1,1,0,1,1,0,0,1,1,1
187,0,1,1,0,0,1,1,1,0,1,1,1,0,1,1,0,1,0,0,0,1,0,0,0,0,0,0,0,1,1,0,1,0,0,0,1,0,1,1,1,0,1,1,0,1,0,0,0,0,0,1,0,1,0,1,0,1,1,0,1,0,1,1,1,1,0,1,0,0,0,0,1,1,1,1,0,0,0,0,1,0,1,1,0,1,1,1,1,0,1,0,0,0,1,0,0,1,1,0,0,0
188,0,0,1,0,1,1,0,1,0,1,1,0,1,0,1,0,1,0,0,0,0,0,0,0,0,0,0,0,1,1,0,0,0,0,0,1,0,1,0,0,0,1,1,0,1,0,0,0,0,0,1,0,1,0,1,0,1,1,0,0,0,1,1,1,0,0,1,1,0,1,0,1,0,1,1,0,0,0,0,1,0,1,1,0,0,1,0,1,0,1,0,0,0,1,0,0,1,1,0,0,0
189,0,1,1,0,1,1,0,1,0,1,1,0,0,0,1,0,1,0,0,0,1,1,0,0,0,0,0,0,1,1,0,0,0,0,0,1,0,1,1,1,0,1,0,0,1,0,0,0,0,1,1,0,1,0,1,0,1,1,0,0,0,1,1,1,1,0,1,0,0,1,0,1,1,1,1,0,0,0,0,1,0,1,1,0,1,1,1,1,0,1,0,0,0,1,0,1,1,1,0,0,0
190,1,0,0,1,0,0,0,0,1,0,0,0,0,0,0,0,0,1,0,0,0,0,0,1,1,1,1,1,0,0,0,1,0,1,1,0,1,0,0,1,1,0,0,0,0,0,1,1,1,0,0,0,0,1,0,1,0,0,1,0,1,0,0,0,1,0,0,0,0,1,1,0,0,0,0,1,1,1,1,0,1,0,0,1,1,0,1,0,0,0,1,1,0,0,1,0,0,0,1,0,0
191,1,1,0,1,1,0,1,0,1,0,0,1,1,1,1,1,0,1,1,1,0,1,1,1,1,1,1,1,0,0,0,1,1,1,1,0,1,0,1,1,1,0,1,1,0,1,1,1,1,1,0,1,0,1,0,0,0,0,1,1,1,0,0,0,1,1,0,1,1,0,1,0,1,0,0,1,1,1,1,0,1,0,0,1,0,1,0,0,1,0,1,1,1,0,1,1,0,0,1,1,1
192,1,1,0,1,1,0,1,0,1,0,0,1,1,1,0,1,0,1,1,1,0,1,1,1,1,1,1,1,0,0,0,1,1,1,1,0,1,0,1,1,1,0,1,1,0,1,1,1,1,1,0,1,0,1,0,0,0,0,1,1,1,0,0,0,1,1,0,1,1,0,1,0,1,0,0,1,1,1,1,0,1,0,0,1,0,1,0,0,1,0,1,1,1,0,1,1,0,0,1,1,1
193,1,1,0,1,1,0,1,0,1,0,0,1,1,1,1,1,0,1,1,1,0,1,1,1,1,1,1,1,0,0,0,1,1,1,1,0,1,0,1,1,1,0,1,1,0,1,1,1,1,1,0,1,0,1,0,0,0,0,1,1,1,0,0,0,1,1,0,1,1,0,1,0,1,0,0,1,1,1,1,0,1,0,0,1,0,1,0,0,1,0,1,1,1,0,1,1,0,0,1,1,1
194,0,0,1,0,1,1,0,1,0,1,1,0,1,0,1,1,1,0,0,0,0,1,0,0,0,0,1,1,1,1,0,0,1,0,1,1,1,1,0,0,0,1,1,1,1,1,0,0,1,1,0,0,1,1,1,1,1,1,0,1,0,1,1,1,0,1,1,1,1,0,0,1,0,1,1,0,0,0,0,1,0,1,1,1,0,1,0,1,1,1,0,0,0,1,0,1,1,1,0,1,0
195,1,1,0,1,0,0,1,0,1,0,0,1,0,1,0,0,0,1,1,1,1,0,1,1,1,0,0,0,1,0,0,1,0,1,1,0,0,0,1,1,1,0,0,0,0,1,1,1,1,0,0,1,0,1,0,0,0,0,1,0,0,0,0,0,0,0,0,0,1,0,1,0,1,0,0,1,1,1,1,0,1,0,0,1,1,0,1,0,1,0,1,1,1,0,1,0,0,0,1,0,0
196,1,1,1,0,1,1,0,1,1,1,1,1,1,1,1,1,1,1,0,1,0,1,1,1,0,0,1,1,1,1,0,0,1,0,1,1,1,1,0,0,1,1,1,1,1,1,1,1,1,1,1,1,1,1,1,1,1,1,1,1,1,0,1,1,0,1,1,0,1,0,1,1,1,1,1,0,0,1,0,1,0,0,1,1,0,1,0,1,1,1,0,1,1,1,1,1,1,1,1,1,1
197,1,1,1,0,1,1,0,1,1,1,1,1,1,1,1,1,1,1,1,1,1,1,1,1,0,0,1,1,1,1,0,0,1,1,1,1,1,1,0,1,1,1,1,1,1,1,1,1,1,1,1,1,1,1,1,1,1,1,1,1,1,1,1,1,0,1,1,1,1,0,1,1,1,1,1,0,0,1,0,0,1,1,1,1,0,1,0,1,1,1,1,1,1,0,1,0,1,1,1,1,1
198,1,1,0,1,0,0,1,0,1,0,0,1,0,1,0,0,0,1,1,1,1,0,1,1,1,1,0,0,0,0,0,1,0,1,1,0,0,0,0,1,1,0,0,0,0,1,1,1,1,0,1,1,0,0,0,0,0,0,1,0,1,0,0,0,0,0,0,0,0,0,1,0,1,0,0,1,1,1,1,0,1,0,0,0,1,0,1,0,0,0,1,1,1,0,1,0,0,0,1,0,0
199,1,1,0,1,0,0,1,0,1,0,0,1,0,1,0,0,0,1,1,1,1,0,1,1,1,1,0,0,0,0,0,1,0,1,1,0,0,0,0,1,1,0,0,0,0,1,1,1,1,0,0,1,0,0,0,0,0,0,1,0,1,0,0,0,0,0,0,0,1,0,1,0,1,0,0,1,1,1,1,0,1,1,0,1,1,0,1,0,0,0,1,1,1,0,1,0,0,0,1,0,0
200,1,1,0,1,0,0,1,0,1,0,0,1,0,1,0,0,0,1,1,1,1,0,1,1,1,1,0,0,0,0,0,1,0,1,0,0,0,0,0,1,1,0,0,0,0,1,1,1,1,0,1,1,0,0,0,0,0,0,1,0,1,0,0,0,0,0,0,0,1,0,1,0,1,0,0,1,1,1,1,0,1,0,0,1,1,0,1,0,0,0,1,1,1,0,1,0,0,0,1,0,0
201,1,1,0,0,1,1,0,1,1,1,1,0,1,1,1,1,1,1,0,0,0,1,0,1,0,0,1,1,1,1,0,0,1,0,1,1,1,1,0,1,0,1,1,1,1,1,1,0,1,1,1,1,1,1,1,1,1,1,0,1,0,1,1,1,0,1,1,1,1,0,0,1,0,1,1,0,0,1,0,0,0,1,1,1,0,1,0,1,1,1,0,0,0,1,1,1,1,1,0,1,1
202,1,1,0,1,1,0,1,0,1,0,0,1,1,1,0,0,1,1,1,1,1,0,1,1,1,1,1,1,1,0,1,1,0,1,1,0,1,0,0,1,1,1,0,0,1,1,1,1,1,0,1,1,0,1,0,1,0,0,1,0,1,0,0,0,1,1,0,1,0,1,1,1,1,0,0,1,1,1,0,0,1,0,0,1,1,0,1,1,1,0,1,1,1,0,1,0,0,0,1,0,1
203,0,1,1,0,1,1,0,1,0,0,1,0,1,1,1,1,1,0,0,0,1,1,0,0,0,0,0,0,1,1,0,0,1,0,1,1,0,1,0,0,0,1,1,0,1,0,0,0,1,1,1,1,1,0,1,0,1,1,0,1,0,1,1,1,0,1,1,1,1,0,0,1,1,1,1,0,0,0,0,1,0,1,1,0,0,1,0,1,0,1,0,0,0,1,0,1,1,1,0,1,0
204,0,1,0,1,0,0,1,0,0,0,0,1,0,0,0,0,0,1,1,1,1,0,1,1,0,1,1,1,0,0,1,1,0,1,1,0,1,0,0,1,1,0,0,0,0,1,1,1,1,0,0,1,0,1,0,1,0,0,1,1,1,1,0,0,0,1,0,0,0,1,1,0,1,0,0,1,1,1,0,0,1,0,0,1,1,0,1,0,1,0,1,1,1,0,1,0,0,0,1,0,1
205,0,0,1,0,1,1,0,1,0,1,1,0,1,0,1,1,1,0,0,0,0,1,0,0,0,0,0,0,1,1,0,0,1,0,0,1,0,1,0,0,0,1,1,0,1,0,0,0,0,1,1,0,1,0,1,0,1,1,0,1,0,1,1,1,0,0,1,1,1,0,0,1,0,1,1,0,0,0,0,1,0,1,1,0,0,1,0,1,0,1,0,0,0,1,0,1,1,1,0,1,0
206,0,0,0,1,0,0,0,0,1,0,0,0,0,1,0,0,0,1,0,0,0,0,1,1,1,1,1,1,0,0,1,0,0,1,1,0,1,0,0,1,0,0,0,0,0,0,1,1,0,0,0,0,0,1,0,1,0,0,0,0,1,0,0,0,0,0,0,0,0,1,1,0,0,0,0,1,0,0,0,1,1,0,0,0,1,0,1,0,1,0,1,1,0,0,1,0,0,0,0,0,0
207,1,1,0,1,1,0,1,0,1,0,0,1,0,1,0,0,0,1,1,1,1,0,1,1,1,1,0,1,1,0,1,1,0,1,1,0,1,0,1,1,1,0,0,0,0,1,1,1,1,0,1,1,1,1,0,0,1,0,1,0,1,0,0,0,1,1,0,0,1,0,1,0,1,0,0,1,1,1,0,0,1,0,0,1,1,0,1,0,1,0,1,1,1,0,1,1,0,0,1,0,0
208,1,1,1,0,1,1,0,1,0,0,1,0,1,0,1,1,1,1,1,0,1,1,1,1,1,0,0,0,1,1,0,1,1,0,1,1,1,1,0,1,1,1,1,0,1,0,0,0,1,1,1,1,1,0,1,0,1,1,0,1,0,1,1,1,0,0,1,1,1,0,0,1,1,1,1,0,0,0,0,1,0,1,1,0,0,1,0,1,0,1,0,1,0,1,0,1,1,1,0,1,1
209,1,1,1,0,1,1,0,1,1,1,1,1,1,1,1,1,1,1,0,0,1,1,1,0,0,0,1,1,1,1,1,0,1,0,1,1,1,1,0,1,0,1,1,1,1,1,0,1,1,1,1,1,1,0,1,0,1,1,1,1,0,1,1,1,1,1,1,1,1,1,1,1,1,1,1,0,0,1,0,1,0,1,1,0,0,1,1,1,1,1,1,1,1,1,0,1,1,1,1,1,1
210,0,1,0,1,0,0,1,1,1,1,0,1,0,1,0,0,0,1,1,0,1,0,0,1,1,1,1,1,0,0,1,1,0,1,0,0,1,0,1,1,1,1,0,1,0,1,1,1,1,0,0,1,0,1,0,1,1,0,1,0,1,0,0,0,1,1,0,0,0,1,0,1,1,0,0,1,1,1,0,0,1,1,0,1,0,0,1,1,1,0,1,1,1,0,1,0,0,0,0,1,0
211,0,0,1,0,1,1,0,1,0,1,1,0,1,0,1,0,1,0,0,0,1,1,0,0,0,0,1,1,1,1,1,0,1,0,0,1,1,1,0,1,0,1,1,1,1,0,0,0,0,0,0,1,1,0,1,0,0,1,0,0,1,1,1,1,1,1,1,1,0,1,0,1,0,0,1,0,0,0,0,1,0,1,1,0,0,1,0,1,0,0,1,0,0,1,1,0,1,0,0,1,0
212,1,1,0,1,1,1,1,1,1,1,0,1,1,1,1,1,0,1,1,1,1,1,1,1,1,1,0,1,1,1,1,1,1,1,1,0,1,0,1,1,1,1,1,1,1,1,1,1,1,1,1,1,1,1,0,1,0,0,1,1,1,1,0,0,1,1,1,1,1,0,1,1,1,1,0,1,1,1,0,0,1,1,1,1,1,1,1,1,1,1,1,1,1,1,1,1,0,1,1,0,1
213,1,0,0,0,0,0,1,0,0,0,0,0,0,1,0,0,0,1,0,0,0,0,1,1,0,1,1,1,0,0,0,1,0,0,0,0,1,0,0,1,0,0,0,1,0,1,0,1,0,0,0,0,0,1,0,1,0,0,0,0,0,0,0,0,1,0,0,0,0,1,1,0,0,0,0,1,0,0,0,0,0,0,0,1,0,0,0,0,1,0,0,1,1,0,1,0,0,0,0,0,0
214,1,1,0,1,1,1,1,1,1,1,0,1,1,1,1,1,0,1,1,1,1,1,1,1,1,1,0,1,1,1,1,1,1,1,1,0,1,0,1,1,1,1,1,1,1,1,1,1,1,1,1,1,1,1,0,0,0,0,1,1,1,1,0,1,1,1,1,1,1,1,1,1,1,1,0,1,1,1,0,0,1,1,1,1,1,1,1,1,1,1,1,1,1,1,1,1,0,1,1,0,1
215,1,1,0,1,1,1,1,0,1,0,0,1,1,1,0,1,1,1,1,1,1,1,1,1,1,1,0,1,1,0,1,1,1,1,1,0,1,0,0,1,1,1,1,1,0,1,1,1,1,1,1,1,1,1,0,0,0,0,1,0,1,0,0,0,1,1,1,1,0,0,1,1,1,0,0,1,1,1,1,0,1,1,0,0,1,1,1,1,1,1,1,1,1,1,1,1,0,0,1,0,1
216,1,1,0,1,0,0,1,0,1,0,0,1,0,1,0,0,0,1,0,1,1,0,1,1,1,1,1,1,1,0,1,1,0,1,1,0,1,0,0,1,1,0,0,1,0,1,1,1,1,0,0,1,0,1,0,0,0,0,1,0,0,0,0,0,1,1,0,0,0,1,1,0,1,0,0,1,1,1,1,0,1,0,0,0,1,0,1,0,1,0,1,1,1,0,1,0,0,0,1,0,0
217,1,1,1,1,1,1,0,1,1,1,1,1,1,1,1,1,1,1,0,1,1,1,0,1,1,0,0,1,1,1,1,1,1,1,1,0,1,1,0,1,1,1,1,1,1,0,1,1,1,1,1,0,1,1,1,0,1,1,1,1,1,0,1,1,1,0,1,1,1,1,1,1,1,1,1,1,1,0,0,1,0,1,1,0,1,1,1,1,1,0,0,1,0,1,1,1,1,1,1,1,1
218,1,1,0,1,1,0,1,0,1,0,0,1,1,1,0,1,0,1,1,1,0,1,0,1,1,1,0,1,0,0,1,1,1,1,1,0,1,0,1,1,1,0,1,1,0,1,1,1,1,1,0,1,0,1,0,0,0,0,1,1,1,0,0,0,1,1,0,1,1,0,1,0,1,0,0,1,1,1,1,0,1,0,0,1,0,1,0,0,1,0,1,1,1,0,1,1,0,0,1,1,1
219,1,1,0,1,1,0,1,0,1,0,0,1,1,1,0,1,0,1,1,1,0,1,1,1,1,1,0,1,0,0,1,1,1,1,1,0,1,0,1,1,1,0,1,1,0,1,1,1,1,1,0,1,0,1,0,0,0,0,1,1,1,0,0,0,1,1,0,1,1,0,1,0,1,0,0,1,1,1,0,0,1,0,0,1,0,1,0,0,1,0,1,1,1,0,1,1,0,0,1,1,1
220,1,1,1,0,1,1,1,1,1,1,1,1,1,1,1,1,1,0,1,1,1,1,1,1,0,0,0,0,1,1,0,1,1,0,1,1,0,1,1,1,1,1,1,1,1,0,0,1,1,1,1,1,1,0,1,0,1,1,1,1,1,1,1,1,0,1,1,1,1,0,0,1,1,1,1,0,0,1,0,1,0,1,1,0,0,1,0,1,1,1,1,1,1,1,0,1,1,1,1,1,1
221,1,1,1,1,1,1,1,1,1,1,1,1,1,1,1,1,1,1,1,1,1,1,1,1,1,1,0,1,1,1,1,1,1,1,0,1,1,1,1,1,1,1,1,1,1,1,1,1,1,1,0,1,1,1,1,1,1,1,1,1,1,1,1,1,1,1,1,1,1,1,1,1,0,1,1,1,1,1,0,1,1,1,1,1,1,1,1,1,1,1,1,1,1,1,1,1,1,1,1,1,1
222,1,1,1,1,1,1,1,1,1,1,1,1,1,1,1,1,1,1,1,1,1,1,1,1,1,1,1,1,1,1,1,1,1,1,1,1,1,1,1,1,1,1,1,1,1,1,1,1,1,1,0,1,1,1,1,1,1,1,1,1,1,1,1,1,1,1,1,1,1,1,1,1,1,1,1,1,1,1,0,1,1,1,1,1,1,1,1,1,1,1,1,1,1,1,1,1,1,1,1,1,1
223,0,0,1,0,1,1,0,1,0,1,1,0,1,0,1,1,1,0,0,0,0,1,0,0,0,0,0,0,1,1,0,0,1,0,0,1,1,1,0,0,0,1,1,1,1,0,0,0,0,1,0,1,1,0,1,0,1,1,0,1,0,1,1,1,0,0,1,1,1,0,0,1,0,1,1,0,0,0,0,1,0,1,1,0,0,1,0,0,0,1,0,0,0,1,0,1,1,1,0,1,0
224,0,0,1,1,1,1,0,1,0,1,1,0,1,0,1,1,1,0,0,0,0,1,0,0,0,1,0,1,1,1,1,0,1,0,0,1,1,1,0,0,0,1,1,1,1,1,0,0,0,1,0,0,1,0,1,0,0,1,1,1,0,1,1,1,1,1,1,1,1,0,0,1,0,1,1,1,0,0,0,1,0,1,1,0,0,1,0,0,1,1,1,0,0,1,0,1,1,1,0,1,1
225,1,0,0,1,0,0,1,0,1,0,0,1,0,0,0,0,0,1,1,1,0,0,1,1,1,1,1,1,0,0,1,1,0,0,1,0,1,0,1,1,1,0,0,0,0,1,1,1,1,0,0,0,0,1,0,1,0,0,1,0,1,0,0,0,0,0,0,0,0,1,1,0,1,0,0,1,1,1,0,0,1,0,0,1,1,0,1,0,1,0,1,1,1,0,1,0,0,0,1,0,0
226,0,1,0,1,0,0,1,0,1,0,0,1,0,0,0,0,0,1,1,0,0,0,0,1,1,1,1,1,0,0,1,1,0,1,1,0,1,0,1,1,0,0,0,1,0,1,1,1,1,0,0,0,0,1,0,1,0,0,1,0,1,0,0,0,1,0,0,0,0,1,1,0,0,0,0,1,1,1,0,0,1,0,0,1,1,0,1,0,1,0,1,1,1,0,1,0,0,0,1,0,0
227,1,1,1,1,1,1,1,1,1,1,1,1,1,1,1,1,1,1,1,1,1,1,1,1,1,1,1,1,1,1,1,1,1,1,1,1,1,1,1,1,1,1,1,1,1,1,1,1,1,1,0,1,1,1,1,1,1,1,1,1,1,1,1,1,1,1,1,1,1,1,1,1,1,1,1,1,1,1,0,1,1,1,1,1,1,1,1,1,1,1,1,1,1,1,1,1,1,1,1,1,1
228,1,1,1,1,1,1,1,1,1,1,1,1,1,1,1,1,1,1,1,1,1,1,1,1,1,1,1,1,1,1,1,1,1,1,1,1,1,1,1,1,1,1,1,1,1,1,1,1,1,1,0,1,1,1,1,1,1,1,1,1,1,1,1,1,1,1,1,1,1,1,1,1,1,1,1,1,1,1,0,1,1,1,1,1,1,1,1,1,1,1,1,1,1,1,1,1,1,1,1,1,1
229,1,1,1,1,1,1,1,0,1,1,0,1,1,1,1,1,1,1,1,1,1,1,1,1,1,1,0,1,1,1,1,1,1,1,1,0,1,0,1,1,1,1,1,1,1,1,1,1,1,1,0,1,1,1,0,1,0,0,1,1,1,0,0,1,0,1,1,1,1,0,1,1,1,1,0,1,1,1,0,0,0,1,1,1,1,1,1,1,1,1,1,1,1,1,1,1,0,1,1,0,1
230,0,0,1,0,1,1,0,1,0,1,1,0,1,0,1,1,1,0,0,0,0,1,0,0,0,0,0,0,1,1,0,0,1,0,0,1,0,1,0,0,0,1,1,0,1,0,0,0,0,1,0,0,1,0,1,0,1,1,0,1,0,1,1,1,0,0,1,1,1,0,0,1,0,1,1,0,0,0,0,0,0,1,1,0,0,1,0,1,0,1,0,0,0,1,0,1,1,1,0,1,0
231,1,1,1,1,1,1,0,1,1,1,1,1,1,1,1,1,1,1,1,1,1,1,1,1,1,1,0,1,1,1,1,1,1,1,1,1,1,1,0,1,1,1,1,1,1,1,1,1,1,1,1,0,1,1,1,1,1,1,1,1,1,1,1,1,1,0,1,1,0,0,1,1,1,1,1,0,1,1,0,1,1,1,1,1,1,1,1,1,1,1,1,1,0,1,0,1,1,1,1,1,1
232,1,1,0,1,0,0,0,0,1,0,0,1,0,0,0,0,0,1,1,1,0,0,1,1,1,1,1,1,0,0,1,1,0,0,1,0,1,0,0,1,1,0,0,1,0,1,1,1,1,0,0,0,0,1,0,1,0,0,1,0,1,0,0,0,0,0,0,0,0,1,1,0,1,0,0,1,1,1,0,0,1,0,0,1,1,0,1,0,1,0,1,1,1,0,1,0,0,0,1,0,0
233,0,1,1,0,1,1,0,1,0,1,1,0,1,1,1,0,1,0,0,0,1,1,0,0,0,0,0,0,1,1,0,0,1,0,0,1,1,1,0,1,1,1,1,1,1,0,1,0,0,1,1,1,1,1,1,0,1,1,0,1,0,1,1,1,0,1,1,1,0,0,0,1,1,1,1,0,0,0,0,1,0,1,1,0,0,1,0,1,0,1,0,0,0,1,0,1,1,1,0,1,1
234,1,1,1,1,1,1,1,1,1,1,1,1,1,1,1,1,1,1,1,1,1,1,1,1,1,1,1,1,1,1,1,1,1,1,1,1,1,1,0,1,1,1,1,1,1,1,1,1,1,1,1,1,1,1,1,1,1,1,1,1,1,1,1,1,1,1,1,1,0,1,1,1,1,1,1,1,1,1,0,1,1,1,1,1,1,1,1,1,1,1,1,1,1,1,1,1,1,1,1,1,1
235,0,1,0,1,0,0,1,0,1,0,0,0,0,0,0,0,0,1,1,0,0,0,0,0,1,1,1,1,0,0,1,1,0,1,0,0,0,0,0,1,0,0,0,1,0,1,1,0,1,0,0,0,0,1,0,1,0,0,1,0,0,0,0,0,1,0,0,0,0,1,1,0,0,0,0,1,0,0,0,0,1,0,0,1,1,0,1,0,0,0,0,0,1,0,1,0,0,0,1,0,0
236,0,1,1,0,1,1,0,1,0,1,1,0,1,0,1,1,1,0,0,0,1,1,0,0,0,0,0,0,1,1,0,0,1,0,0,1,0,1,0,0,0,1,1,1,1,0,0,0,1,1,1,1,1,0,1,0,1,1,0,1,0,1,1,1,0,1,1,1,0,0,0,1,1,1,1,0,0,0,0,1,0,1,1,0,0,1,0,1,0,1,0,0,0,1,0,1,1,1,0,1,0
237,1,1,1,1,1,1,0,1,1,1,1,1,1,1,1,1,1,1,1,1,1,1,1,1,1,0,0,0,1,1,1,1,1,1,1,1,1,1,0,1,1,1,1,1,1,1,1,1,1,1,1,1,1,1,1,0,1,1,1,1,1,1,1,1,0,1,1,1,0,0,1,1,1,1,1,0,1,1,0,1,0,1,1,1,1,1,0,1,1,1,1,1,1,1,0,1,1,1,1,1,1
238,0,1,1,0,1,1,0,1,0,1,1,0,1,0,1,1,1,0,0,0,0,1,0,0,0,0,0,0,1,1,0,0,1,0,0,1,0,1,0,0,0,1,0,0,1,0,0,0,0,1,1,1,1,0,1,0,0,1,0,1,0,1,1,1,0,0,1,1,0,0,0,1,0,1,1,0,0,0,0,1,0,1,1,0,0,1,0,1,0,0,0,0,0,1,0,1,1,1,0,1,0
239,0,1,1,0,1,1,0,1,0,1,1,0,1,0,1,1,1,1,0,0,1,1,0,0,0,0,0,1,1,1,0,1,1,0,0,1,0,1,0,0,0,1,1,1,1,1,0,0,0,1,1,1,1,0,1,0,1,1,0,1,0,1,1,1,1,1,1,1,0,0,0,1,1,1,1,0,0,0,0,1,0,1,1,0,0,1,0,1,1,1,1,0,0,1,0,1,1,1,0,1,0
240,0,0,1,0,1,0,0,1,0,1,1,0,1,0,1,1,1,0,0,0,0,1,0,0,0,0,0,0,1,1,0,0,1,0,0,1,0,1,0,0,1,1,1,1,1,0,0,0,0,1,0,1,1,0,1,0,0,1,0,1,0,1,1,1,0,1,1,1,0,0,0,1,1,1,1,0,0,0,0,1,0,1,1,0,0,1,0,1,0,0,0,0,0,1,0,1,1,1,0,1,0
241,0,0,1,0,1,1,0,1,0,1,1,0,1,0,1,1,1,0,0,0,0,1,0,0,0,0,0,0,1,1,0,0,1,0,0,1,0,1,0,0,0,1,1,0,1,0,0,0,0,1,0,0,1,0,1,0,1,1,0,1,0,1,1,1,0,0,1,1,0,0,0,1,1,1,1,0,0,0,0,1,0,1,1,0,0,0,0,1,0,0,0,0,0,1,0,1,1,1,0,1,0
242,0,0,0,1,0,0,1,0,1,0,0,1,0,0,0,0,0,1,1,0,0,0,0,1,1,1,1,1,0,0,1,1,0,1,0,0,0,0,0,1,1,0,0,1,0,1,1,1,1,0,0,0,0,1,0,1,0,0,1,0,1,0,0,0,1,0,0,0,0,1,1,0,0,0,0,1,1,0,1,0,1,0,0,1,1,0,1,0,1,0,0,1,1,0,1,0,0,0,1,0,0
243,0,0,1,0,1,1,0,1,0,1,1,0,1,0,1,1,1,0,0,0,0,1,0,0,0,0,0,0,1,1,0,0,1,0,0,1,0,1,0,0,0,1,1,0,1,0,0,0,0,1,0,0,1,0,1,0,0,1,0,1,0,1,1,1,0,0,1,1,0,0,0,1,0,1,1,0,0,0,0,1,0,1,1,0,0,1,0,1,0,1,0,0,0,1,0,1,1,1,0,1,0
244,0,1,1,0,1,1,1,1,1,1,1,0,1,1,1,1,1,0,0,0,0,1,0,0,1,1,1,1,1,1,0,0,1,0,0,1,1,1,0,0,0,1,1,0,1,1,1,0,1,1,1,1,1,0,1,0,1,1,1,1,1,1,1,1,1,0,1,1,0,0,0,1,0,1,1,1,0,0,1,1,1,1,1,1,0,1,0,1,1,1,0,0,1,1,1,1,1,1,0,1,1
245,1,1,0,1,1,0,1,0,1,1,0,1,1,0,0,0,0,0,1,1,1,0,1,1,1,1,1,1,1,0,1,1,1,0,1,1,1,0,0,1,1,0,1,1,0,1,1,1,0,0,1,0,1,1,0,0,0,0,1,1,1,0,1,0,1,1,0,1,0,1,1,0,0,0,0,1,1,1,1,0,0,0,0,1,1,1,1,0,1,1,1,1,0,1,0,0,0,0,1,1,1
246,0,1,1,0,1,1,1,1,0,1,1,0,1,1,1,1,1,0,0,0,1,1,0,0,0,0,0,0,1,1,0,0,1,1,0,1,0,1,0,0,0,1,1,0,1,1,0,1,0,1,1,0,1,0,1,0,1,1,0,1,0,1,1,1,0,0,1,1,0,0,0,1,1,1,1,0,0,0,0,1,0,1,1,0,0,1,0,1,0,1,0,0,0,1,0,1,1,1,0,1,1
247,0,0,1,0,1,1,0,1,0,1,1,0,1,0,1,1,1,0,0,0,0,1,0,0,0,0,0,0,1,1,0,0,1,0,0,1,0,1,0,0,0,1,1,0,1,0,0,0,0,1,1,0,1,0,1,0,1,1,0,1,0,1,1,1,0,0,1,1,0,0,0,1,0,1,1,0,0,0,0,1,0,1,1,0,0,1,0,1,0,1,0,0,0,1,0,1,1,1,0,1,0
248,1,1,1,1,1,1,0,0,1,1,1,1,1,1,0,1,1,1,1,1,1,1,1,1,1,0,0,0,1,1,1,1,1,1,1,1,1,0,0,1,1,1,1,1,1,1,1,1,1,1,1,1,1,1,1,0,1,1,1,1,1,1,1,0,0,1,0,1,0,0,1,1,1,1,1,0,1,1,0,1,0,1,0,1,1,1,0,1,1,1,1,1,1,1,0,1,0,1,1,1,1
249,1,1,1,1,1,1,0,0,1,1,1,1,1,1,1,1,1,1,1,1,1,1,1,1,1,0,0,0,1,1,1,1,1,1,0,1,1,1,0,1,1,1,1,1,1,1,1,1,1,1,1,1,1,1,1,0,1,1,1,1,1,1,1,1,0,1,0,1,0,0,1,1,1,1,1,0,1,1,0,1,0,1,1,0,1,1,0,1,1,1,1,1,1,1,0,1,0,1,1,1,1
250,1,1,0,1,0,0,1,0,1,0,0,1,0,1,0,0,0,1,1,1,1,0,0,1,1,1,0,1,0,0,1,1,0,1,1,0,1,0,0,1,1,0,0,1,0,1,1,1,1,0,0,1,0,1,0,0,0,0,1,0,0,0,0,0,1,0,0,0,0,0,0,0,1,0,0,1,1,1,0,0,1,0,0,0,0,0,0,0,1,0,1,1,0,0,1,0,0,0,1,0,0
251,1,1,0,1,0,0,1,0,0,1,0,1,0,1,0,0,0,1,1,1,1,0,1,1,1,1,0,1,1,1,1,1,1,1,1,0,1,0,1,1,1,0,1,1,0,1,1,1,1,0,1,1,1,1,1,0,1,0,1,1,1,0,0,0,1,0,0,0,1,0,1,0,1,0,0,1,1,1,0,1,1,1,0,1,1,1,0,0,1,1,1,1,0,0,1,0,0,1,1,0,1
252,0,1,1,1,0,0,0,0,0,1,0,1,0,1,0,0,0,1,1,1,1,0,0,1,0,1,0,1,1,1,1,1,1,1,0,1,1,0,1,1,1,0,1,0,0,1,0,1,1,0,1,1,1,1,1,0,1,0,1,0,1,0,0,0,0,0,0,0,0,0,1,1,0,0,0,1,1,1,0,0,0,1,0,0,1,1,0,1,1,1,1,1,0,0,0,0,0,1,1,0,1
253,1,1,0,1,0,0,1,0,1,0,0,1,0,1,0,0,0,1,1,1,1,0,0,1,1,1,1,1,0,0,1,1,0,1,0,0,1,0,1,1,1,0,0,1,0,1,1,1,1,0,0,1,0,1,0,1,0,0,1,0,1,0,0,0,1,0,0,0,0,1,1,0,1,0,0,1,1,1,1,0,1,0,0,1,0,0,1,0,1,0,1,1,0,0,1,0,0,0,1,0,0
254,1,1,1,0,1,1,1,1,0,1,1,1,1,0,1,1,1,0,1,1,1,0,0,0,0,0,0,0,1,1,1,1,1,0,0,1,0,1,1,1,0,1,1,1,1,1,0,1,1,1,1,1,1,0,1,0,1,0,1,1,0,1,1,1,1,1,1,1,1,0,0,1,1,1,1,0,1,1,0,0,0,1,1,1,0,1,0,1,0,1,0,0,0,1,0,1,1,1,1,1,1
255,1,0,1,1,1,1,0,1,0,1,1,1,1,1,1,1,1,1,1,1,0,0,0,1,0,1,1,1,1,1,1,1,1,1,0,1,1,1,1,1,1,1,1,0,1,1,1,1,1,1,1,1,1,0,1,1,1,0,0,1,1,1,1,1,0,1,1,1,1,0,0,0,1,1,1,1,1,1,0,1,1,1,1,1,1,1,1,1,0,1,1,1,0,1,0,1,1,1,0,1,1
256,1,1,1,0,1,1,0,1,0,1,1,1,1,0,1,1,1,0,1,1,1,0,0,0,0,0,0,0,1,1,1,1,1,0,0,1,0,1,1,0,0,1,1,1,1,1,0,1,1,1,1,1,1,0,1,0,1,0,1,1,0,1,1,1,1,1,1,1,1,0,0,0,1,1,1,0,1,1,0,0,0,1,1,1,0,1,0,1,0,1,0,0,0,1,0,1,1,1,1,1,1
257,1,1,1,1,1,0,1,0,1,1,0,1,1,1,0,0,0,1,1,1,1,0,0,1,0,0,0,1,0,1,1,1,1,1,0,1,1,0,1,1,1,0,1,1,0,1,1,1,1,1,1,1,1,1,1,0,1,0,1,1,1,0,0,0,1,0,0,1,1,0,0,0,1,0,0,0,1,1,0,1,0,1,0,1,1,1,0,1,1,1,1,1,0,0,1,0,0,1,1,0,1
258,1,1,1,1,1,0,1,0,1,1,0,1,1,1,0,0,0,1,1,1,1,1,0,1,0,0,0,1,0,1,1,1,1,1,0,1,1,0,1,1,1,0,1,1,0,1,1,1,1,1,1,1,1,0,1,0,1,0,1,1,1,0,0,0,1,0,0,1,1,0,0,1,1,0,0,0,1,1,0,1,0,1,0,0,1,1,0,1,1,1,1,1,0,0,1,0,0,1,1,0,1
259,1,1,1,1,1,0,1,0,1,1,0,1,1,1,0,0,0,1,1,1,1,1,0,1,0,0,0,1,0,1,1,1,1,1,1,1,1,0,1,1,1,0,1,1,0,1,1,1,1,1,1,1,1,1,1,0,1,0,1,1,1,0,0,0,1,0,0,1,1,0,0,1,1,0,0,0,1,1,0,1,0,1,0,1,1,1,0,1,1,1,1,1,0,0,1,0,0,1,1,0,1
260,1,1,1,1,1,0,1,0,1,1,0,1,1,1,1,0,0,1,1,1,1,1,0,1,0,0,0,1,0,1,1,1,1,1,0,1,1,0,0,1,1,0,1,1,1,1,1,1,1,1,1,1,1,0,1,0,1,0,1,1,1,0,0,1,1,1,0,1,1,0,0,1,1,0,0,0,1,1,0,1,0,1,0,0,1,1,0,1,1,1,1,1,0,0,1,0,0,1,1,0,1
261,0,1,1,1,1,1,1,1,1,1,1,1,1,1,1,1,1,1,1,1,1,1,0,1,1,1,1,1,1,1,1,1,1,1,1,1,1,1,0,1,1,1,1,1,1,1,1,1,1,1,1,1,1,1,1,0,1,1,1,1,1,1,1,1,0,1,1,1,1,1,1,1,1,1,1,1,1,1,1,1,0,0,1,1,0,1,1,1,1,1,1,1,1,1,0,1,1,1,1,1,1
262,1,1,0,1,0,0,1,0,1,0,0,1,0,1,0,0,0,1,1,1,1,0,1,1,1,1,1,1,1,0,1,1,0,1,1,0,1,0,0,1,1,0,0,1,0,1,1,1,1,0,0,0,0,1,0,1,1,0,1,0,0,0,0,0,1,1,0,0,0,1,1,0,1,0,0,1,1,1,1,0,1,0,0,1,1,0,1,0,1,0,1,1,1,0,1,0,0,0,1,0,0
263,1,1,1,1,1,1,1,1,1,1,1,1,1,1,1,1,1,1,1,1,1,1,1,1,1,1,0,1,1,1,1,1,1,1,1,1,1,1,1,1,1,1,1,1,1,1,1,1,1,1,1,1,1,1,1,1,1,0,1,1,1,1,1,1,1,1,1,1,1,1,1,1,1,1,1,1,1,1,0,1,1,1,1,1,1,1,1,1,1,1,1,1,1,0,1,1,1,1,1,1,1
264,1,1,0,1,0,0,1,0,1,0,0,1,0,1,1,0,0,1,1,1,1,0,1,1,1,1,1,1,0,0,1,1,0,1,1,0,1,0,1,1,1,0,0,1,0,1,1,1,1,0,0,1,0,1,0,1,1,0,1,0,1,1,0,0,1,1,0,0,0,1,1,0,1,0,0,1,1,1,1,0,1,0,1,1,1,0,1,0,1,0,1,1,1,0,1,0,0,0,1,0,0
265,1,1,0,1,0,0,1,0,1,0,0,1,0,1,1,0,0,1,1,1,1,0,1,1,1,1,1,1,0,0,1,1,0,1,1,0,1,0,0,1,1,0,0,1,0,1,1,1,1,0,0,1,0,1,0,1,1,0,1,0,1,1,0,0,1,1,0,0,0,0,1,0,1,0,0,1,1,1,1,0,1,0,1,1,1,0,1,0,1,0,1,1,1,0,1,0,0,0,1,0,0
266,1,1,0,1,0,0,1,0,1,0,0,1,0,1,0,0,0,1,1,1,1,0,1,1,1,1,1,1,0,0,1,1,0,1,1,0,1,0,1,1,1,0,0,1,0,1,1,1,1,0,0,1,0,1,0,1,1,0,1,0,1,0,0,0,1,1,0,0,0,0,1,0,1,0,0,1,1,1,0,0,1,0,0,1,1,0,1,0,1,0,1,1,1,0,1,0,0,0,1,0,0
267,1,1,0,1,0,0,1,0,1,0,0,1,0,1,1,0,0,1,1,1,1,0,1,1,1,1,1,1,0,0,1,1,0,1,1,0,1,0,1,1,1,0,0,1,0,1,1,1,1,0,0,1,0,1,0,1,1,0,1,0,1,1,0,0,1,1,0,0,0,0,1,0,1,0,0,1,1,1,0,0,1,0,1,1,1,0,1,0,1,0,1,1,1,0,1,0,0,0,1,0,0
268,1,1,0,1,0,0,1,0,1,0,0,1,0,1,0,0,1,1,1,1,0,0,1,1,1,1,1,1,1,0,1,1,0,1,1,0,1,0,1,1,1,0,0,1,0,1,1,1,1,0,0,0,0,1,0,1,1,0,1,0,1,0,0,0,1,0,0,0,0,1,1,0,1,0,0,1,1,1,1,0,1,0,0,1,1,0,1,0,1,0,1,1,1,0,1,0,0,0,1,0,0
269,1,1,0,1,0,0,1,0,1,0,0,1,0,1,0,0,0,1,1,1,1,0,1,1,1,1,1,1,1,0,1,1,0,1,1,0,1,0,1,1,1,0,0,1,0,1,1,1,1,0,0,1,0,1,0,1,0,0,1,0,1,0,0,0,1,0,0,0,0,1,1,0,1,0,0,1,1,1,1,0,1,0,0,1,1,0,1,0,1,0,1,1,1,0,1,0,0,0,1,0,0
270,1,0,0,1,0,0,1,0,1,0,0,1,0,1,0,0,0,1,1,1,0,0,1,1,0,1,1,1,0,0,1,1,0,1,1,0,1,0,1,1,1,0,0,0,0,1,1,1,1,0,0,0,0,1,0,1,1,0,1,0,1,0,0,0,1,0,0,0,0,0,1,0,1,0,0,1,1,1,1,0,0,0,0,1,1,0,1,0,1,0,1,1,1,0,1,0,0,0,1,0,0
271,1,1,1,1,1,1,0,1,0,1,1,1,1,1,1,1,1,1,0,1,1,1,0,1,0,0,0,0,1,1,1,1,1,1,1,1,1,1,0,1,1,1,1,0,1,1,0,1,1,1,1,1,1,0,1,0,1,1,1,1,1,1,1,1,0,1,1,1,1,0,1,1,1,1,1,0,1,1,0,1,0,1,1,0,0,1,0,1,1,1,1,1,0,1,0,1,1,1,1,1,1
272,1,1,1,1,1,1,0,1,0,1,1,0,1,1,1,1,1,1,0,1,1,1,1,1,0,0,0,1,1,1,1,1,1,1,1,1,1,1,0,1,1,1,1,0,1,1,0,1,1,1,1,1,1,0,1,0,1,1,1,1,1,1,1,1,0,1,1,1,1,0,1,1,1,1,1,0,1,1,0,1,0,1,1,0,0,1,0,1,1,1,1,1,0,1,0,1,1,1,1,1,1
273,1,1,0,1,0,0,1,0,1,0,0,1,0,1,0,0,0,1,1,1,1,0,1,1,1,1,0,1,1,0,1,1,0,1,1,0,1,0,0,1,1,0,0,1,0,1,1,1,1,0,0,1,0,1,0,1,0,0,0,0,1,0,0,0,1,1,0,0,0,1,1,0,1,0,0,1,1,1,0,0,1,0,0,1,1,0,1,0,1,0,1,1,1,0,0,0,0,0,1,0,0
274,1,1,1,0,1,1,0,1,0,1,1,0,1,1,1,0,1,0,1,0,1,1,1,1,0,0,0,1,1,1,0,1,1,0,1,1,0,1,1,1,1,1,1,1,1,0,0,1,1,1,1,1,1,0,1,1,1,1,0,1,0,1,1,1,0,1,1,1,1,1,1,1,1,1,1,0,0,0,0,1,0,1,1,0,0,1,0,1,0,1,1,1,0,1,0,1,1,1,0,1,1
275,1,1,0,1,1,1,1,0,1,0,0,1,1,1,0,0,1,1,1,1,1,0,1,1,1,1,1,1,1,0,1,1,1,1,1,0,1,0,1,1,1,1,1,1,0,1,1,1,1,1,1,1,1,1,0,1,0,0,1,1,1,1,0,0,1,1,1,1,0,0,1,1,1,0,0,1,1,1,0,0,1,0,0,1,1,1,1,1,1,1,1,1,1,1,1,1,0,0,1,0,1
276,1,1,0,1,1,1,1,0,1,0,0,1,1,1,0,0,1,1,1,1,1,0,1,1,1,1,1,1,1,0,1,1,1,1,1,0,1,0,0,1,1,1,1,1,0,1,1,1,1,1,1,1,1,1,0,1,0,0,1,1,1,1,0,0,1,1,1,1,0,0,1,1,1,0,0,1,0,1,0,0,1,0,0,1,1,1,1,1,1,1,1,1,1,1,1,1,0,0,1,0,1
277,1,1,0,1,1,1,1,0,1,0,0,1,1,1,0,0,1,1,1,1,1,0,1,1,1,1,0,1,1,0,1,1,1,1,1,0,1,0,0,1,1,1,1,1,0,1,1,1,1,1,1,1,1,1,0,1,0,0,1,1,1,1,0,0,1,1,1,1,0,0,1,1,1,0,0,1,0,1,0,0,1,0,0,1,1,1,1,1,1,1,1,1,1,1,1,1,0,0,1,0,1
278,1,1,0,1,0,0,1,0,1,0,0,1,0,1,0,0,0,1,1,1,1,0,1,1,1,1,1,1,0,0,1,1,0,1,1,0,1,0,0,1,1,0,0,0,0,1,1,0,1,0,0,1,0,1,0,1,1,0,1,0,1,0,0,0,1,1,0,0,0,1,0,0,1,0,0,1,1,1,0,0,1,0,0,0,1,0,1,0,1,0,1,1,1,0,1,0,0,0,1,0,0
279,1,1,1,1,1,1,0,1,1,1,1,1,1,1,1,1,1,1,1,1,1,1,1,1,1,1,1,1,1,1,1,1,1,1,1,1,1,1,0,1,1,1,1,1,1,1,1,1,1,1,1,1,1,1,1,1,1,1,1,1,1,1,1,1,1,1,1,1,1,1,1,1,1,1,1,1,1,1,0,1,1,1,1,1,1,0,1,1,0,1,1,1,1,1,1,1,1,1,1,1,1
280,1,1,0,1,0,0,1,0,1,0,0,1,0,1,0,0,0,1,1,1,1,0,1,1,1,1,1,1,1,0,1,1,0,1,1,0,1,0,0,1,1,0,0,1,0,1,1,1,1,0,0,0,0,1,0,1,1,0,1,0,1,0,0,0,1,1,0,0,0,1,1,0,1,0,0,1,1,1,1,0,1,0,0,1,1,0,1,0,1,0,1,1,1,0,1,0,0,0,1,0,0
281,1,1,0,1,1,1,1,0,1,1,0,1,1,1,1,1,1,1,1,1,1,0,1,1,1,1,1,1,1,1,1,1,1,1,1,0,1,1,0,1,1,1,1,1,1,1,1,1,1,1,1,1,1,1,0,1,1,0,1,1,1,0,0,1,1,1,1,1,1,0,1,1,1,1,1,1,1,1,0,0,1,1,1,1,1,1,1,1,1,1,1,1,1,0,0,1,0,1,1,0,1
282,0,0,1,1,1,0,0,1,0,1,1,0,1,0,1,0,0,0,0,0,0,1,0,0,0,1,1,1,0,1,1,0,0,0,0,1,0,1,0,0,0,1,0,1,0,0,0,0,0,0,0,0,0,0,1,1,0,1,0,0,0,1,1,0,0,1,0,1,0,1,0,0,0,0,0,0,0,0,0,1,0,0,1,0,0,0,0,0,1,0,0,0,0,1,0,0,1,0,0,1,0
283,1,1,1,1,1,1,1,1,1,1,1,1,1,1,1,1,1,1,1,1,1,1,1,1,1,1,1,1,1,1,1,1,1,1,0,1,1,1,0,1,1,1,1,1,1,1,1,1,1,0,1,1,1,1,1,1,1,1,1,1,1,1,1,1,0,1,1,1,1,1,1,1,1,1,1,1,1,1,0,1,1,1,1,1,1,1,1,1,1,1,0,1,1,1,0,1,1,1,1,1,1
284,1,1,1,1,1,1,0,1,1,1,1,1,1,1,1,1,1,1,1,1,1,1,0,1,0,0,0,1,1,1,1,1,1,1,1,1,1,1,0,1,1,1,1,1,1,1,1,1,1,1,1,1,1,1,1,1,1,0,1,1,1,1,1,1,1,1,1,1,1,0,1,1,1,1,1,1,1,1,0,0,1,1,1,1,1,1,1,1,1,1,1,1,0,1,0,1,1,1,1,1,1
285,0,0,1,0,1,1,0,1,0,1,1,0,1,0,1,0,1,0,0,0,0,1,0,0,0,1,0,1,0,1,0,0,0,0,0,1,1,1,0,0,0,1,0,1,1,0,0,0,0,0,0,0,1,0,1,1,0,1,0,0,0,1,1,0,0,1,1,1,0,0,0,1,0,1,1,0,0,0,0,1,0,1,1,0,0,1,0,1,1,1,0,0,0,1,0,0,1,0,0,1,0
286,0,0,1,1,1,1,0,1,0,1,0,0,1,0,1,0,1,1,0,0,0,1,0,0,0,1,0,1,1,1,1,1,0,0,1,1,1,1,0,0,0,1,1,1,1,1,0,0,0,1,0,0,0,1,1,1,0,1,0,1,0,1,1,0,1,1,0,1,0,0,0,1,1,1,0,0,0,0,0,1,0,0,0,0,0,0,0,0,1,1,0,0,1,1,0,0,1,0,0,1,0
287,0,0,1,0,1,1,0,1,0,1,1,0,1,0,1,0,1,0,0,0,0,1,0,0,0,0,0,1,0,1,0,0,0,0,0,1,0,1,0,0,0,1,0,1,1,0,0,0,0,0,0,0,1,0,1,1,0,1,0,0,0,1,1,0,0,0,0,1,0,0,0,1,0,1,1,0,0,0,0,1,0,1,1,0,0,1,0,1,1,1,0,0,0,1,0,0,1,0,0,1,0
288,0,0,1,0,1,1,0,1,0,1,1,0,1,0,1,0,0,0,0,0,0,1,0,0,0,0,0,1,0,1,0,0,0,0,0,1,0,1,0,0,0,1,0,1,1,0,0,0,0,0,0,0,1,1,1,1,0,1,0,0,0,1,1,0,0,0,0,1,0,0,0,1,0,0,1,0,0,0,0,1,0,1,1,0,0,1,0,1,0,1,0,0,0,1,0,0,1,0,0,1,0
289,0,0,1,0,1,1,0,1,0,1,1,0,1,0,1,0,0,0,0,0,0,1,0,0,0,0,0,1,0,1,0,0,0,0,1,1,1,1,0,0,0,1,0,1,1,0,0,0,0,0,0,0,1,0,1,1,0,1,0,0,0,1,1,0,1,1,1,1,0,0,0,1,0,1,1,0,0,0,0,1,0,1,1,0,0,1,0,1,1,1,0,0,0,1,0,0,1,0,0,1,0
290,0,0,0,0,0,0,0,0,1,0,0,0,0,1,0,0,0,0,0,0,0,0,0,1,1,0,0,0,0,0,0,0,0,1,0,0,0,0,0,1,0,0,0,0,0,0,1,1,0,0,0,1,0,1,0,0,0,0,1,0,1,0,0,0,0,0,0,0,0,0,1,0,1,0,0,0,0,1,0,0,1,0,0,1,1,0,1,0,0,0,1,0,1,0,0,0,0,1,0,0,0
291,1,1,0,1,1,1,1,0,1,1,0,1,1,1,0,1,1,1,1,1,1,0,1,1,1,0,0,0,1,1,1,1,1,1,1,0,1,1,0,1,1,1,1,0,1,1,1,1,1,1,1,1,1,1,0,0,1,0,1,1,1,0,0,1,1,1,1,1,1,0,1,1,1,1,1,0,1,1,0,0,1,1,1,1,1,1,1,1,0,0,1,1,1,0,0,1,0,1,1,0,1
292,1,1,1,1,1,1,0,1,0,1,1,0,1,1,1,1,1,0,0,1,1,1,0,1,0,0,0,0,1,1,0,0,1,0,0,1,0,1,1,0,1,1,1,0,1,0,0,0,0,1,1,1,1,0,1,0,1,1,1,1,1,1,1,1,0,1,0,1,1,0,0,1,0,1,1,0,1,1,0,1,0,1,1,0,0,1,0,1,0,1,1,1,0,1,0,1,1,1,1,1,1
293,1,1,1,1,1,1,0,1,0,1,1,0,1,1,1,1,1,0,0,1,1,1,0,1,0,0,0,0,1,1,0,0,1,0,0,1,0,1,1,0,1,1,1,0,1,0,0,0,0,1,1,1,1,0,1,0,1,1,1,1,1,1,1,1,0,1,1,1,1,0,0,1,0,1,1,0,1,1,0,1,0,1,1,0,0,1,0,1,0,1,1,1,0,1,0,1,1,1,1,1,1
294,1,1,1,1,1,1,0,1,0,1,1,0,1,1,1,1,1,0,0,1,1,1,0,1,0,0,0,0,1,1,0,0,1,0,0,1,0,1,1,0,1,1,1,0,1,0,0,0,0,1,1,1,1,0,1,0,1,1,1,1,1,1,1,1,0,1,1,1,1,0,0,1,0,1,1,0,1,1,0,1,0,1,1,0,0,1,0,1,0,1,1,1,0,1,0,1,1,1,1,1,1
295,1,1,0,1,0,0,1,0,1,0,0,1,0,1,0,0,0,1,1,1,1,0,1,1,1,1,1,1,1,0,1,1,0,1,1,0,1,0,1,1,0,0,1,1,0,1,1,1,1,0,0,1,0,1,0,1,1,0,1,1,1,0,0,0,1,1,0,0,0,1,1,0,1,0,0,1,1,1,1,0,1,0,0,1,1,0,1,0,1,0,1,1,1,0,1,0,0,0,1,0,0
296,1,1,0,1,0,0,1,0,1,0,0,1,0,1,0,0,0,1,1,1,0,0,1,1,1,1,1,1,1,0,1,1,0,1,1,0,1,0,0,1,1,0,1,1,0,1,1,1,1,0,0,1,0,1,0,1,1,0,1,0,1,0,0,0,1,1,0,0,0,1,1,0,1,0,0,1,1,1,1,0,1,0,0,1,1,0,1,0,1,0,1,1,1,0,1,0,0,0,1,0,1
297,1,1,0,1,0,0,1,0,1,0,0,1,0,1,0,0,0,1,1,1,0,0,1,1,1,1,1,1,1,0,1,1,0,1,1,0,1,0,0,1,1,0,1,1,0,1,1,1,1,0,0,1,0,1,0,1,1,0,1,0,1,0,0,0,1,1,0,0,0,1,1,0,1,0,0,1,1,1,0,0,1,0,0,1,1,0,1,0,1,0,1,1,1,0,0,0,0,0,1,0,1
298,1,1,0,1,0,0,1,0,1,0,0,1,0,1,0,0,0,1,1,1,1,0,1,1,1,1,1,1,1,0,1,1,0,1,1,0,1,0,0,1,1,0,0,1,0,1,1,1,1,0,0,1,0,1,0,1,0,0,1,0,0,0,0,0,1,1,0,0,0,1,1,0,1,0,0,1,1,1,0,0,1,0,0,1,1,0,1,0,1,0,1,1,1,0,0,0,0,0,1,0,0
299,1,1,1,1,1,1,1,1,1,0,1,1,1,1,1,1,1,1,1,1,1,1,1,1,1,1,1,1,1,1,1,1,1,1,1,1,1,1,0,1,1,1,1,1,1,1,1,1,1,1,1,1,1,1,1,1,1,1,1,1,1,1,0,1,0,1,1,1,1,1,1,1,1,1,1,1,1,1,0,0,1,1,1,1,1,1,1,1,1,1,1,1,1,1,0,1,1,1,1,1,1
300,1,1,1,1,1,1,0,1,1,1,1,1,1,1,1,1,1,0,1,0,1,1,1,1,1,1,0,1,1,1,1,1,1,1,0,1,0,1,1,1,1,1,1,0,1,1,1,1,1,1,1,1,0,1,1,1,1,1,1,0,1,1,1,0,1,0,1,1,1,0,1,1,1,1,1,1,1,1,0,0,1,1,1,1,1,1,1,0,1,1,1,1,1,1,0,1,1,1,0,1,1
301,1,1,1,1,1,1,1,1,1,1,1,1,1,1,1,1,1,1,1,1,1,1,1,1,1,1,0,1,1,1,1,1,1,1,1,1,1,1,0,1,1,1,1,0,1,1,1,1,1,1,1,1,1,1,1,1,1,1,1,1,1,1,0,1,1,1,1,1,1,0,1,1,1,1,1,1,1,1,0,0,1,1,1,1,1,1,1,1,1,1,1,1,1,1,0,1,1,1,1,0,1
302,1,1,1,1,1,1,1,1,1,1,1,1,1,1,1,1,1,1,1,1,1,1,1,1,1,1,0,1,1,1,1,1,1,1,1,1,0,1,0,1,1,1,1,0,1,1,1,1,1,1,1,1,1,1,1,1,1,1,1,1,1,1,1,1,1,1,1,1,1,0,1,1,1,1,1,1,1,1,0,1,1,1,1,1,1,1,1,1,1,1,1,1,1,1,0,1,1,1,1,1,1
303,1,1,1,1,1,1,1,1,1,1,1,1,1,1,1,1,1,1,1,1,1,1,0,1,1,0,0,1,1,1,1,1,1,1,0,1,0,1,0,1,1,1,1,0,1,1,1,1,0,1,1,1,1,1,0,0,1,1,1,1,1,1,1,1,1,1,1,1,1,0,0,1,1,1,1,0,1,1,0,1,0,1,1,1,1,1,0,1,1,1,1,1,1,1,0,0,1,1,1,1,1
304,0,0,1,0,1,1,0,1,0,0,1,1,1,0,1,1,1,0,1,1,0,1,0,0,0,0,0,0,1,1,0,1,1,1,1,1,0,1,0,1,0,1,0,0,1,0,0,1,0,1,1,0,1,0,0,0,1,1,1,1,0,1,1,1,0,0,1,1,1,0,1,1,1,1,1,0,0,0,0,1,1,1,1,0,0,1,0,1,0,0,0,1,1,1,0,0,1,1,1,1,1
305,1,1,1,1,1,1,0,1,1,1,1,1,1,1,1,1,1,1,1,1,1,1,1,1,0,1,0,1,1,1,1,1,1,1,1,1,1,1,0,1,1,1,1,1,1,1,1,1,1,1,1,1,1,1,1,1,1,1,1,1,1,1,1,1,1,1,1,1,1,1,0,1,1,1,1,1,1,1,1,0,1,1,1,1,1,1,1,1,1,1,1,1,1,1,0,1,1,1,1,1,1
306,1,0,0,1,0,0,1,0,1,0,0,1,0,1,0,0,0,1,1,1,0,0,1,1,1,1,1,1,1,0,1,1,0,1,1,0,1,0,0,1,1,0,1,1,0,1,1,1,1,0,0,0,0,1,0,1,1,0,1,0,1,0,0,0,1,1,0,0,0,1,1,0,1,0,0,1,1,1,0,0,1,0,0,1,1,0,1,0,1,0,1,1,1,0,1,0,0,0,1,0,1
307,1,0,0,1,0,0,1,0,1,0,0,1,0,1,0,0,0,1,1,1,0,0,1,1,1,1,1,1,1,0,1,1,0,1,1,0,1,0,0,1,1,0,1,1,0,1,1,1,1,0,0,0,0,1,0,1,1,0,1,0,1,0,0,0,1,1,0,0,0,1,1,0,1,0,0,1,1,1,0,0,1,0,0,1,1,0,1,0,1,0,1,1,1,0,1,0,0,0,1,0,1
308,1,1,1,1,1,1,1,1,1,1,1,1,1,1,1,1,1,1,1,1,1,1,1,1,1,0,0,0,1,1,1,1,1,1,1,1,1,1,0,1,1,1,1,1,1,1,1,1,1,1,1,1,1,1,1,0,1,1,1,1,1,1,1,1,1,1,1,1,1,0,1,1,1,1,1,0,1,1,0,1,1,1,1,1,1,1,1,1,1,1,1,1,1,1,0,1,1,1,1,1,1
309,1,1,1,1,1,1,1,1,1,1,1,1,1,1,1,1,1,1,1,1,1,1,1,1,1,1,1,1,1,1,1,1,1,1,1,1,1,1,0,1,1,1,1,1,1,1,1,1,1,1,1,1,1,1,1,1,1,1,1,1,1,1,1,1,1,1,1,1,0,1,1,1,1,1,1,1,1,1,0,0,1,1,1,1,1,1,1,1,1,1,1,1,1,1,0,1,1,1,1,1,1
310,1,0,1,1,1,1,0,1,1,1,1,0,1,1,1,1,1,1,1,1,1,1,1,1,1,0,0,1,1,1,1,1,1,1,0,1,1,1,0,1,1,1,1,0,1,1,1,1,0,1,1,0,1,1,1,0,1,1,0,1,1,1,1,1,1,1,1,1,1,0,1,1,0,1,1,0,1,1,0,0,0,1,1,1,1,1,0,1,1,1,1,0,1,1,0,1,1,1,1,1,1
311,1,1,0,1,0,0,1,0,1,0,0,1,0,1,0,0,0,1,1,1,1,0,1,1,1,1,1,1,0,0,1,1,0,1,1,0,1,0,1,1,1,0,0,1,0,1,1,1,1,0,0,0,0,1,0,1,1,0,1,0,1,0,0,0,1,1,0,0,0,1,1,0,1,0,0,1,1,1,1,0,1,0,0,1,1,0,1,0,1,0,1,1,1,0,1,0,0,0,1,0,1
312,1,1,0,1,1,0,1,0,1,0,0,1,0,1,0,0,0,1,1,1,1,0,1,1,1,1,1,1,1,0,1,1,0,1,1,0,1,0,1,1,1,0,0,1,0,1,1,1,1,0,0,1,0,1,0,1,0,0,1,0,1,0,0,0,1,1,0,0,0,1,1,0,1,0,0,1,1,1,1,0,1,0,0,1,1,0,1,0,1,0,1,1,1,0,1,0,0,0,1,0,0
313,0,0,1,0,1,1,0,1,0,1,1,0,1,0,1,0,1,0,0,0,0,1,0,0,0,0,0,0,1,1,0,0,1,0,0,1,0,1,0,0,0,1,1,0,1,0,0,0,0,1,1,0,1,0,1,0,1,1,0,1,0,1,1,1,0,0,1,1,1,0,0,1,0,1,1,0,0,0,0,1,0,1,1,0,0,1,0,1,0,1,0,0,0,1,0,1,1,1,0,1,0
314,0,0,1,0,1,1,0,1,0,1,1,0,1,0,1,1,1,0,0,0,1,1,0,0,0,0,0,0,1,1,0,0,1,0,0,1,0,1,0,0,0,1,1,0,1,0,0,0,0,1,1,1,1,0,1,0,0,1,0,1,0,1,1,1,0,1,1,1,1,0,0,1,0,1,1,0,0,0,0,1,0,1,1,0,0,1,0,1,0,1,0,0,0,1,0,1,1,1,0,1,0
315,0,0,1,0,1,1,0,1,0,1,1,0,1,0,1,1,1,0,0,0,0,1,0,0,0,0,0,0,1,1,0,0,1,0,0,1,0,1,0,0,0,1,1,0,1,0,0,0,0,1,1,0,1,0,1,0,1,1,0,1,0,1,1,1,0,0,1,1,1,0,0,1,0,1,1,0,0,0,0,1,0,1,1,0,0,1,0,1,0,1,0,0,0,1,0,1,1,1,0,1,0
316,1,1,1,1,1,1,1,1,1,0,1,1,1,1,1,0,1,1,0,1,1,1,0,1,1,1,1,1,1,0,1,1,1,1,1,1,1,1,1,1,1,1,1,1,1,1,1,1,1,0,1,1,1,1,1,1,0,1,1,0,1,1,1,1,1,1,1,1,1,1,1,1,1,1,1,1,1,1,1,1,0,1,1,1,1,1,1,1,1,1,1,1,1,1,1,0,1,1,1,1,1
317,0,1,1,0,1,1,0,1,0,1,1,0,1,0,1,1,1,0,0,0,1,1,0,0,0,0,0,0,1,1,0,0,1,0,0,1,0,1,0,0,0,1,1,0,1,0,0,0,0,1,1,0,1,0,1,0,1,1,0,1,0,1,1,1,0,0,1,1,1,0,0,1,0,1,1,0,0,0,0,1,0,1,1,0,0,1,0,1,0,1,0,0,0,1,0,0,1,1,0,1,0
318,1,1,0,1,0,0,1,0,1,0,0,1,0,1,0,0,0,1,1,1,1,0,1,1,1,1,1,1,1,0,1,1,0,1,1,0,1,0,1,1,1,0,0,1,0,1,1,1,1,0,0,0,0,1,0,1,1,0,1,0,1,0,0,0,1,1,0,0,0,1,1,0,1,0,0,1,1,1,1,0,1,0,0,1,1,0,1,0,1,0,1,1,1,0,1,0,0,0,1,0,0
319,0,0,1,0,1,1,0,1,0,1,1,0,1,0,1,1,1,0,0,0,0,1,0,0,0,0,0,0,1,1,0,0,1,0,0,1,0,1,0,0,0,1,0,0,1,0,0,0,0,1,1,1,1,0,1,0,1,1,0,1,0,1,1,1,0,0,1,1,1,0,0,1,0,1,1,0,0,0,0,1,0,1,1,0,0,1,0,1,0,1,0,0,0,1,0,0,1,1,0,1,0
320,1,1,0,1,0,0,1,0,1,0,0,1,0,1,0,0,0,1,1,1,1,0,1,1,1,1,1,1,1,0,1,1,0,1,1,0,1,0,1,1,1,0,0,1,0,1,1,1,1,0,0,0,0,1,0,0,0,0,1,0,1,0,0,0,1,1,0,0,0,1,1,0,1,0,0,1,1,1,1,0,1,0,0,1,1,0,1,0,1,0,1,1,1,0,1,0,0,0,1,0,0
321,0,0,1,0,1,1,0,1,0,1,1,0,1,0,1,1,1,0,0,0,1,1,0,0,0,0,0,0,1,1,0,0,1,0,0,1,0,1,0,0,0,1,0,0,1,0,0,0,0,1,1,1,1,0,1,0,1,1,1,1,0,1,1,1,0,0,1,1,1,0,0,1,0,1,1,0,0,0,0,1,0,1,1,0,0,1,0,1,0,1,0,0,1,1,0,0,1,1,0,1,0
322,0,1,1,0,1,1,0,1,0,1,1,0,1,0,1,1,1,0,0,0,1,1,0,0,0,0,0,0,1,1,0,0,1,0,0,1,0,1,0,0,0,1,1,0,1,0,0,0,0,1,1,0,1,0,1,0,1,1,0,1,0,1,1,1,0,0,1,1,1,0,0,1,0,1,1,0,0,0,0,1,0,1,1,0,0,1,0,1,0,1,0,0,0,1,0,0,1,1,0,1,0
323,0,0,0,1,0,0,0,0,0,0,0,0,0,0,0,0,0,0,0,0,0,0,0,0,0,0,1,0,0,0,1,0,0,0,0,0,0,0,0,0,0,0,0,0,0,0,0,0,0,0,0,1,0,0,0,1,0,0,0,0,0,0,0,0,1,0,0,0,0,1,0,0,0,0,0,0,0,0,0,0,0,0,0,0,1,0,1,0,0,0,0,0,0,0,1,0,0,0,0,0,0
324,1,1,0,1,0,0,1,0,1,0,0,1,0,1,0,0,0,1,1,1,1,0,1,1,1,1,1,1,0,0,1,1,0,1,1,0,1,0,1,1,1,0,0,1,0,1,1,1,1,1,1,1,0,1,0,1,1,0,1,1,1,0,0,0,1,1,0,0,0,1,1,0,1,0,0,1,1,1,1,0,1,0,0,1,1,0,1,0,1,1,1,1,1,0,1,1,0,0,1,0,1
325,1,1,0,1,0,0,1,0,1,0,0,1,0,1,0,0,0,1,1,1,1,0,1,1,1,1,1,1,1,0,1,1,0,1,1,0,1,0,1,1,1,0,0,1,0,1,1,1,1,0,0,0,0,1,0,1,0,0,1,0,1,0,0,0,1,1,0,0,0,1,1,0,1,0,0,1,1,1,1,0,1,0,0,1,1,0,1,0,1,0,1,1,1,0,1,0,0,0,1,0,0
326,1,1,0,1,0,0,1,0,1,0,0,1,0,1,0,0,0,1,1,1,1,0,0,1,1,1,1,1,0,0,1,1,0,1,1,0,1,0,1,1,1,0,0,1,0,1,1,1,1,0,0,0,0,1,0,1,0,0,1,0,1,0,0,0,1,1,0,0,0,1,1,0,1,0,0,1,1,1,1,0,1,0,0,1,1,0,1,0,1,0,1,1,1,0,1,0,0,0,1,0,0
327,0,0,1,0,1,1,0,1,0,1,1,0,1,0,1,1,1,0,0,0,0,1,0,0,0,0,0,0,1,1,0,0,1,0,0,1,0,1,0,0,0,1,1,0,1,0,0,0,0,1,1,0,1,0,1,0,1,1,0,1,0,1,1,1,0,0,1,1,1,0,0,1,0,1,1,0,0,0,0,0,0,1,1,0,0,1,0,1,0,1,0,0,0,1,0,1,1,1,0,1,0
328,0,0,1,0,1,1,0,1,0,1,1,0,1,0,1,1,1,0,0,0,1,1,0,0,0,0,0,0,1,1,0,0,1,0,0,1,0,1,0,0,0,1,1,0,1,0,0,0,0,1,1,0,1,0,1,0,1,1,0,1,0,1,1,1,0,0,1,1,1,0,0,1,0,1,1,0,0,0,0,0,0,1,1,0,0,1,0,1,0,1,0,0,0,1,0,1,1,1,0,1,0
329,1,1,0,1,0,0,1,0,1,0,0,1,0,1,0,0,0,1,1,1,0,0,1,1,1,1,1,1,0,0,1,1,0,1,1,0,1,0,1,1,1,0,0,1,0,1,1,1,1,0,0,0,0,1,0,1,0,0,1,0,1,0,0,0,1,1,0,0,0,1,1,0,1,0,0,1,1,1,1,0,1,0,0,1,1,0,1,0,1,0,1,1,1,0,1,0,0,0,1,0,1
330,1,0,1,1,1,1,1,0,1,1,1,1,1,1,1,0,1,1,1,1,1,0,0,1,1,1,1,1,1,0,1,1,1,1,0,1,1,0,1,1,1,1,1,1,1,1,1,1,1,1,1,1,1,1,1,0,0,1,0,0,1,0,1,1,1,1,1,1,1,1,0,1,1,0,0,1,1,1,1,0,1,1,0,1,0,0,1,1,1,1,1,1,0,1,1,0,0,1,1,1,1
331,1,1,1,1,1,1,1,1,1,1,1,1,1,1,1,0,1,1,1,1,1,1,0,1,0,0,0,1,1,1,1,1,1,1,0,1,1,1,1,1,1,1,1,1,1,1,1,1,1,1,1,1,1,0,1,0,1,1,1,1,1,1,1,1,1,1,1,1,1,0,0,1,1,1,1,0,1,1,0,0,0,1,1,0,1,1,0,1,1,1,1,1,1,1,1,1,0,1,1,1,1
332,1,1,1,1,1,1,0,1,1,1,1,1,1,1,1,1,1,1,0,1,1,1,1,1,1,1,0,1,1,1,1,1,1,1,1,1,1,1,0,1,1,1,1,1,1,1,1,0,1,1,1,0,1,1,1,1,1,1,1,1,1,1,1,1,0,1,1,1,1,1,1,1,1,1,1,1,0,1,0,0,1,1,1,1,1,1,1,1,1,1,1,1,0,1,1,1,1,1,1,1,1
333,1,1,1,1,1,1,0,1,1,1,1,1,1,1,1,1,1,1,0,1,1,1,1,1,1,0,0,0,1,1,1,1,1,1,1,1,1,1,0,1,1,1,1,1,1,1,1,1,1,1,1,1,1,1,1,0,1,1,1,1,1,1,1,1,0,1,1,1,1,0,1,1,1,1,1,0,1,1,0,0,0,1,1,0,1,1,0,1,1,1,1,1,1,1,0,1,1,1,1,1,1
334,1,1,1,1,1,1,0,1,1,1,1,1,1,1,1,1,1,1,1,1,1,1,1,1,1,0,0,0,1,1,1,1,1,1,0,1,1,1,1,1,1,1,1,1,1,1,1,1,1,1,1,1,1,1,1,0,1,1,1,1,1,1,1,1,0,1,1,1,1,0,1,1,1,1,1,0,1,1,0,0,0,1,1,0,1,1,0,1,1,1,1,1,1,1,0,1,1,1,1,1,1
335,0,0,1,0,1,1,0,1,0,0,1,0,1,0,1,1,1,0,0,0,1,1,1,0,0,0,0,0,1,1,0,0,1,0,0,1,0,1,0,0,1,1,1,0,1,0,0,1,0,1,1,0,1,0,1,0,1,1,0,1,0,1,0,1,0,0,1,1,1,0,0,0,0,1,1,0,0,0,0,0,0,1,1,0,0,1,0,0,0,1,1,0,0,1,0,1,1,1,0,0,1
336,1,1,1,1,1,1,1,1,0,0,1,1,1,1,1,1,1,0,1,1,1,1,1,1,0,0,0,0,1,1,0,0,1,0,0,1,1,1,1,1,1,1,1,1,1,1,1,1,1,1,1,1,1,1,1,0,0,1,0,1,1,1,1,1,0,1,1,1,1,0,1,1,1,1,1,0,1,1,0,0,0,1,1,0,0,1,0,1,0,0,0,1,0,1,0,1,1,1,1,1,1
337,0,0,0,0,0,0,0,0,1,0,0,1,0,0,0,0,0,1,0,0,0,0,0,0,1,1,1,1,0,0,1,1,0,1,1,0,1,0,0,1,0,0,0,1,0,0,0,0,0,0,0,0,0,1,0,1,1,0,1,0,0,0,0,0,1,0,0,0,0,1,0,0,1,0,0,1,0,0,0,1,1,0,0,1,1,0,1,0,1,0,1,0,1,0,1,0,0,0,0,0,0
338,1,1,1,1,1,1,1,1,1,0,1,0,1,1,1,0,1,0,1,1,1,1,1,1,1,0,0,0,1,1,0,1,1,0,0,1,1,1,1,1,1,1,1,1,1,1,1,1,1,1,0,1,1,0,1,0,0,1,1,0,1,0,1,1,1,1,1,1,1,0,1,1,0,1,1,0,1,1,0,0,0,1,1,1,0,1,0,1,1,0,1,1,1,1,1,0,0,1,1,1,1
339,1,1,1,1,1,1,1,1,0,0,1,0,1,1,1,1,1,0,1,1,1,1,1,1,0,0,0,0,1,1,0,0,1,0,0,1,1,1,1,0,1,1,1,1,1,1,1,1,1,1,1,1,1,1,1,0,0,0,0,0,1,1,0,1,0,1,1,1,1,0,1,1,0,1,1,0,1,1,0,0,0,1,1,0,0,1,0,1,0,0,0,1,0,1,0,1,1,1,1,0,1
340,1,1,1,1,1,1,0,1,1,1,1,1,1,1,1,1,1,0,0,1,1,1,1,1,1,0,0,1,1,1,1,1,1,1,1,0,1,1,0,1,1,1,1,1,1,1,0,0,1,1,1,1,1,1,1,0,1,1,1,1,1,1,1,1,1,1,1,1,1,1,1,1,1,1,1,0,1,1,0,0,1,1,1,0,0,1,0,0,1,1,1,1,1,1,0,1,1,1,1,1,1
341,1,1,1,1,0,0,1,0,1,0,0,1,0,1,0,0,0,1,0,1,1,0,0,1,1,1,0,1,0,0,1,1,0,1,1,0,1,0,1,1,1,0,0,1,0,1,1,1,1,0,0,1,0,1,0,1,0,0,1,0,1,0,0,0,1,1,0,0,0,1,1,0,1,0,0,1,1,1,1,1,1,0,0,1,1,0,1,0,1,0,1,1,1,0,1,0,0,0,1,0,0
342,1,1,1,0,1,1,0,1,0,1,1,0,1,1,1,1,1,0,1,0,1,1,1,0,0,0,0,0,1,1,0,1,1,0,1,1,0,1,0,1,1,1,1,0,1,0,0,0,0,1,1,1,1,0,1,0,1,1,0,1,1,1,1,1,0,0,1,1,1,0,0,1,0,1,1,0,0,0,0,0,0,1,1,0,0,1,0,1,0,1,0,0,0,1,1,1,1,1,0,1,1
343,1,1,0,1,0,0,1,0,1,0,0,1,0,1,0,0,0,1,1,1,1,0,1,1,1,1,1,1,0,0,1,1,0,1,1,0,1,0,0,1,1,0,1,1,0,1,1,1,1,0,0,1,0,1,0,1,1,0,1,0,1,0,0,0,1,1,0,0,0,1,1,0,1,0,0,1,1,1,1,0,1,0,0,1,1,0,1,0,1,0,1,1,1,0,1,0,0,0,1,0,0
344,0,1,0,1,0,0,1,0,1,0,0,1,0,1,0,0,0,1,1,1,0,0,1,1,1,1,0,1,1,0,1,1,0,1,1,0,1,0,1,1,1,0,1,1,0,1,1,1,1,0,0,1,0,1,0,1,1,0,1,0,1,0,0,0,1,1,0,0,0,1,1,0,1,0,0,1,1,1,0,0,1,0,0,0,1,0,1,0,1,0,1,1,1,0,1,0,0,0,1,0,0
345,0,1,1,1,1,1,1,1,1,0,1,1,1,1,1,1,1,1,1,1,1,1,0,1,1,1,0,1,1,1,1,1,1,1,0,1,1,1,1,1,1,1,1,1,1,1,0,0,1,1,1,1,1,0,0,1,1,1,1,1,1,1,1,0,1,1,1,1,0,1,1,1,1,1,1,1,1,1,0,0,0,1,1,1,1,1,1,0,0,1,1,1,1,1,1,1,1,1,1,1,1
346,1,1,1,1,1,1,1,1,1,0,1,1,1,1,1,1,1,1,1,1,1,1,1,1,1,1,0,1,1,1,1,1,1,1,1,1,1,1,1,1,1,1,1,1,0,1,0,1,1,1,1,1,0,1,1,0,1,0,1,1,1,1,0,0,1,1,1,1,0,0,1,1,1,1,1,1,1,1,0,0,1,1,1,1,1,1,1,1,1,1,1,1,1,1,1,1,1,1,1,1,1
347,1,1,1,0,1,1,1,1,0,0,1,0,1,1,1,1,1,0,1,1,1,1,0,1,0,0,0,0,1,1,0,1,1,0,0,1,0,1,1,1,1,1,1,0,1,0,0,1,1,1,1,0,1,0,1,0,1,1,0,1,0,1,1,0,0,1,1,1,0,0,0,1,1,1,1,0,0,1,0,0,0,1,1,0,0,1,0,1,1,1,0,0,0,1,1,1,1,1,1,1,1
348,1,1,1,0,1,1,1,1,0,0,1,0,1,1,1,1,1,0,0,1,1,1,0,0,0,1,0,0,1,1,0,0,1,0,0,1,0,1,1,0,0,1,1,0,1,0,0,0,0,1,1,0,1,0,1,0,1,1,0,1,0,1,1,0,0,1,1,1,1,0,0,1,1,1,1,1,0,0,0,0,0,1,1,0,0,1,0,1,1,1,0,0,0,1,0,1,1,1,0,1,1
349,0,0,0,1,0,0,1,0,1,0,0,1,0,1,0,0,0,1,1,1,1,0,1,1,1,1,0,1,0,0,1,1,0,1,1,0,0,0,0,1,1,0,0,1,0,1,1,1,1,0,0,0,0,1,0,1,1,0,1,0,1,0,0,0,1,1,0,0,0,1,1,0,1,0,0,1,1,1,0,0,1,0,0,1,1,0,0,0,1,0,1,1,1,0,1,0,0,0,1,0,0
350,0,0,1,0,1,1,0,1,0,1,1,0,1,0,1,1,1,0,0,0,1,1,0,0,0,0,0,0,1,1,0,0,1,0,0,1,0,1,0,0,0,1,0,0,1,0,0,0,0,1,1,0,1,0,1,0,0,1,0,1,0,1,1,1,0,0,1,1,1,0,0,1,0,1,1,0,0,0,0,0,0,1,1,0,0,1,0,1,0,0,0,0,0,1,0,1,1,1,0,1,0
351,1,1,0,1,0,0,1,0,1,0,0,1,0,1,0,0,0,1,1,1,1,0,1,1,1,1,0,1,0,0,1,1,0,1,1,0,1,0,0,1,1,0,1,1,0,1,1,1,1,0,0,1,0,1,0,1,1,0,1,0,1,0,0,0,1,1,0,0,0,1,1,0,1,0,0,1,1,1,0,0,1,0,0,1,1,0,0,0,1,0,1,1,1,0,1,0,0,0,1,0,0
352,1,1,0,1,0,0,1,0,1,0,0,1,0,1,0,0,0,1,1,1,0,0,1,1,1,1,0,1,0,0,1,1,0,1,1,0,1,0,0,1,1,0,0,1,0,1,1,1,1,0,0,1,0,1,0,1,0,0,1,0,1,0,0,0,1,1,0,0,0,1,1,0,1,0,0,1,1,1,0,0,1,0,0,1,1,0,0,0,1,0,1,1,1,0,1,0,0,0,1,0,0
353,1,1,1,0,1,1,0,1,0,1,1,0,1,0,1,1,1,0,0,0,1,1,0,0,0,0,0,0,0,1,0,0,1,0,0,1,0,1,0,0,0,1,0,0,1,0,0,0,0,1,1,0,1,0,1,0,0,1,0,1,0,1,1,1,0,0,1,1,1,0,0,1,0,1,1,0,0,0,0,0,0,1,1,0,0,1,0,1,0,1,0,0,0,1,0,1,1,1,0,1,0
354,0,0,1,0,1,1,0,1,0,1,1,0,1,0,1,1,1,0,0,0,0,1,0,0,0,0,0,0,1,1,0,0,1,0,0,1,0,1,0,0,0,1,0,0,1,0,0,0,0,1,1,0,1,0,1,0,0,1,0,1,0,1,1,1,0,0,1,1,1,0,0,1,0,1,1,0,0,0,0,0,0,1,1,0,0,1,0,1,0,1,0,0,0,1,0,1,1,1,0,1,0
355,1,0,0,1,0,0,1,0,0,0,0,0,0,1,0,0,0,1,1,1,1,0,1,1,0,1,0,1,1,0,1,1,0,1,0,0,1,0,1,1,1,0,1,1,0,1,1,1,1,1,1,1,0,0,0,0,1,0,1,0,0,0,0,0,1,1,0,0,0,0,1,0,1,0,0,1,1,1,0,0,0,0,0,0,1,1,1,0,1,0,1,1,0,0,1,0,0,1,1,0,0
356,1,0,0,1,0,0,1,0,0,0,0,0,0,1,0,0,0,1,1,1,1,0,1,1,0,0,0,1,1,0,1,1,0,1,0,0,1,0,1,1,1,0,1,1,0,1,1,1,1,1,1,1,0,0,0,0,1,0,1,0,0,0,0,0,1,1,0,0,0,0,1,0,1,0,0,0,1,1,0,0,0,0,0,0,1,1,1,0,1,0,1,1,0,0,0,0,0,0,1,0,0
357,1,1,1,1,1,1,0,1,1,0,1,1,1,1,1,1,1,1,1,1,1,1,1,1,0,1,0,1,1,1,1,1,1,1,1,1,1,1,0,1,1,1,1,0,1,1,1,1,0,1,1,1,1,1,1,1,1,1,0,1,1,1,1,1,1,1,1,1,1,1,1,1,1,1,1,1,1,1,0,0,0,1,1,1,1,0,1,1,1,1,1,0,0,1,0,1,1,0,0,1,1
358,1,1,1,1,1,1,1,1,1,1,1,1,1,1,1,1,1,1,1,1,1,1,1,1,1,1,0,1,1,1,1,1,1,1,1,1,1,1,0,1,1,1,1,1,1,1,1,1,1,1,1,1,1,1,1,1,1,1,1,1,1,1,1,0,1,1,1,1,1,1,1,1,1,1,1,0,1,1,0,0,0,1,1,1,1,0,1,1,1,1,1,1,0,1,0,1,1,1,1,1,1
359,1,1,1,1,1,1,1,1,1,1,1,1,1,1,1,1,1,1,1,1,1,1,1,1,1,1,1,1,1,0,1,1,1,1,1,1,1,1,0,1,1,1,1,1,1,1,1,1,1,1,1,1,1,1,1,1,1,1,1,1,1,1,1,1,1,1,1,1,1,1,1,1,1,1,1,1,1,1,1,0,1,1,1,1,1,1,1,1,0,1,1,1,1,1,1,1,1,1,1,1,1
360,0,1,0,1,1,1,1,1,1,0,0,1,1,1,1,1,1,1,1,1,1,1,1,1,1,1,0,1,1,0,0,1,1,1,1,0,1,0,0,1,1,0,1,1,0,1,1,1,1,1,1,1,1,1,1,1,1,0,1,0,1,0,1,0,1,1,1,1,1,1,1,1,1,0,0,1,1,0,0,0,1,0,0,1,1,1,1,1,0,1,1,1,1,0,1,1,0,0,1,1,1
361,0,1,1,1,1,1,1,1,1,0,0,1,1,1,1,1,1,1,1,1,1,1,1,1,1,1,0,1,1,0,0,1,1,1,1,0,1,0,0,1,1,0,1,1,0,1,1,1,1,1,1,1,1,1,1,1,1,0,1,1,1,0,1,0,1,1,1,1,1,1,1,1,1,0,0,1,1,0,0,0,1,0,0,1,1,1,1,1,0,1,1,1,1,0,1,1,0,0,1,1,1
362,1,1,1,1,1,1,1,1,1,0,1,1,1,1,1,1,1,1,1,1,1,1,1,1,1,1,0,1,1,1,1,1,1,1,1,1,1,1,0,1,1,1,1,1,1,1,1,1,1,1,1,1,1,1,1,1,1,1,1,1,1,1,1,1,0,1,1,1,1,1,1,1,1,1,1,1,1,1,0,0,1,1,1,1,1,1,1,1,0,1,1,1,1,1,1,1,1,1,1,1,1
363,1,0,1,1,1,0,0,0,1,1,1,1,1,1,1,1,0,1,1,1,1,1,1,1,1,1,0,1,1,1,1,1,1,1,0,1,1,1,1,1,1,1,0,0,1,0,1,1,1,1,1,1,1,1,1,1,0,0,1,0,1,1,1,1,1,1,1,1,0,1,1,1,0,1,1,1,1,1,0,0,1,1,1,1,1,1,0,1,1,1,1,1,0,1,0,1,1,1,1,1,1
364,1,0,1,1,1,0,1,1,1,1,1,1,1,1,1,1,1,1,1,1,1,1,0,1,1,1,0,1,1,1,1,1,1,1,1,1,1,1,1,1,1,1,1,1,1,1,1,1,0,1,1,1,1,1,1,1,0,0,1,0,1,1,1,1,1,1,1,1,1,1,1,1,1,1,1,1,1,1,0,0,1,1,1,1,1,1,1,1,1,1,1,1,1,1,1,0,1,1,1,1,1
365,1,1,1,1,1,1,1,0,1,1,1,1,1,1,1,1,1,1,1,1,1,1,1,0,1,1,0,1,1,1,1,1,1,1,1,1,1,1,1,1,1,1,1,1,1,1,1,1,1,1,1,1,1,1,1,1,1,1,1,0,1,1,1,1,1,1,1,1,1,1,1,1,1,1,1,1,1,1,0,0,1,1,1,1,1,1,1,1,1,1,1,1,1,1,1,1,1,1,0,1,1
366,0,1,1,1,1,1,0,1,0,1,1,1,1,1,1,1,1,1,1,1,1,1,1,1,1,1,0,1,1,1,1,1,1,1,1,1,1,1,1,1,1,1,1,1,1,1,1,1,1,1,1,1,1,1,1,1,1,1,1,0,1,1,1,1,1,1,1,1,1,1,1,1,1,1,1,1,1,1,0,0,1,1,1,1,1,1,0,1,0,1,1,1,0,1,0,1,1,1,1,1,1
367,1,1,1,1,1,1,1,1,1,1,1,1,1,1,1,1,1,1,1,1,1,1,1,1,1,1,0,1,1,1,1,1,1,1,1,1,1,1,1,1,1,1,1,1,1,1,1,1,1,1,1,1,1,1,1,1,1,1,1,0,1,1,1,1,1,1,1,1,1,1,1,1,1,1,1,1,1,1,0,0,1,1,1,1,1,1,0,1,1,1,1,1,1,1,1,1,1,1,1,1,1
368,0,1,1,0,1,1,0,1,0,1,1,0,1,0,1,1,1,0,0,0,1,1,0,0,0,0,0,0,1,1,0,0,1,0,0,1,0,1,0,0,0,1,1,0,1,0,0,0,0,1,1,0,1,0,1,0,1,1,0,0,0,1,1,1,0,0,1,1,1,0,0,1,0,1,1,0,0,0,0,0,0,1,1,0,0,1,0,1,0,1,0,0,0,1,0,1,1,1,0,1,0
369,0,1,1,0,1,1,0,1,0,1,1,0,1,0,1,1,1,0,0,0,1,1,0,0,0,0,0,0,1,1,0,0,1,0,0,1,0,1,1,0,0,1,1,0,1,0,0,0,0,1,1,1,1,0,1,0,1,1,0,0,0,1,1,1,0,0,1,1,1,0,0,1,1,1,0,0,0,0,0,0,0,1,1,0,0,1,0,1,0,1,0,0,0,1,0,1,1,1,0,1,0
370,1,1,1,1,1,1,1,1,1,0,1,1,1,1,1,1,1,1,1,1,1,1,1,0,1,1,0,1,1,1,1,1,1,1,1,1,0,1,1,1,1,1,1,1,1,1,1,1,1,1,1,1,1,1,1,1,1,1,1,0,1,1,1,1,1,1,1,1,0,1,1,1,1,1,1,1,0,1,0,0,1,1,1,1,1,1,1,1,1,1,1,1,0,1,1,1,1,1,1,1,1
371,1,1,1,1,1,1,1,1,1,0,1,1,1,1,1,0,1,1,1,1,1,1,1,1,1,1,0,1,1,1,1,1,1,1,1,1,1,1,1,1,1,1,1,1,1,1,1,1,1,1,1,1,1,1,1,0,1,0,1,0,1,1,1,0,1,0,1,1,0,1,1,1,1,1,1,1,1,1,0,0,0,1,1,1,1,1,1,1,1,1,1,1,0,1,0,1,1,1,1,1,1
372,1,1,1,1,1,1,1,1,1,1,1,1,1,1,1,1,1,1,1,1,1,1,1,1,1,1,0,1,1,1,1,1,1,1,1,1,1,1,1,1,1,1,1,1,1,1,1,1,1,1,1,1,1,1,1,0,1,0,1,0,1,1,1,1,1,1,1,1,1,1,1,1,1,1,1,1,1,1,0,0,0,1,1,1,1,1,1,1,1,1,1,1,1,1,1,1,1,1,1,1,1
373,1,1,1,1,1,1,1,1,1,1,1,1,1,1,1,1,1,1,1,1,1,1,1,1,1,1,0,1,1,1,1,1,1,1,1,1,1,1,1,1,1,1,1,1,1,1,1,1,1,1,1,1,1,1,1,0,1,1,1,0,1,1,1,1,1,1,1,1,1,1,1,1,1,1,1,1,1,1,0,0,0,1,1,1,1,1,1,1,1,1,1,1,1,1,1,1,1,1,1,1,1
374,1,0,1,1,1,1,1,0,1,0,0,1,1,0,1,1,1,1,1,1,0,1,1,1,1,1,0,0,1,1,1,1,1,1,1,1,1,0,1,0,1,0,1,0,1,0,1,1,1,1,1,0,1,1,1,0,0,1,1,0,1,1,1,1,0,1,0,1,1,0,1,1,1,1,1,1,1,1,0,0,1,0,1,0,1,1,1,1,1,0,1,1,1,0,0,0,0,1,1,1,1
375,1,0,1,0,1,1,0,1,0,1,0,0,1,0,1,1,1,1,0,1,1,1,0,1,0,0,0,0,1,1,0,0,1,0,0,1,0,0,0,0,1,1,1,0,1,0,0,0,0,1,1,0,1,0,1,0,1,1,0,1,1,1,1,1,0,0,1,1,1,0,0,1,0,1,1,0,0,0,0,0,0,1,1,0,0,1,0,1,0,1,0,0,0,1,0,0,1,1,0,1,1
376,1,1,0,1,0,0,1,0,1,0,0,1,0,1,0,1,0,1,1,1,0,0,1,1,1,1,0,1,1,0,1,1,0,1,1,0,1,0,1,1,1,0,1,0,0,1,1,1,1,0,0,1,0,1,0,0,0,0,1,0,0,0,0,0,1,0,0,0,0,0,1,0,1,0,0,1,1,1,0,0,1,0,0,1,1,0,1,0,0,0,1,1,1,0,1,0,0,0,1,0,0
377,1,1,1,1,1,1,1,1,1,0,1,1,1,1,1,1,1,1,1,1,1,1,1,1,1,1,0,1,1,1,1,1,1,1,1,1,1,1,1,1,1,1,1,1,1,1,1,1,1,1,1,1,1,1,1,1,1,1,1,1,1,1,1,1,1,1,1,1,1,1,1,1,1,1,1,1,1,1,1,0,1,1,1,1,1,1,1,1,1,1,1,1,1,1,0,1,1,1,1,1,1
378,1,0,1,1,1,1,1,1,1,1,1,1,1,1,1,0,1,1,1,1,1,1,1,1,1,1,0,1,1,1,1,1,1,1,1,1,0,0,1,1,1,1,1,1,1,1,1,1,1,1,1,1,1,1,0,0,1,1,1,1,1,1,1,0,1,0,1,1,1,1,1,1,1,1,1,1,1,1,1,0,1,1,1,1,1,1,1,1,0,1,1,1,0,1,0,1,1,1,1,1,1
379,1,1,1,1,1,1,1,1,1,1,1,1,1,1,1,1,1,1,1,1,1,1,1,1,1,1,0,1,1,1,1,1,1,1,1,1,1,1,1,1,1,1,1,1,1,1,1,1,1,1,1,1,1,1,1,1,1,1,1,1,1,1,1,1,1,1,1,1,1,1,1,1,1,1,1,1,1,1,1,0,1,1,1,1,1,1,1,1,1,1,1,1,1,1,1,1,1,1,1,1,1
380,1,1,1,1,1,1,1,0,1,1,0,1,1,1,1,1,0,1,1,1,1,1,1,0,1,1,0,1,1,0,1,1,1,1,1,1,1,1,1,1,1,1,1,1,0,1,1,1,1,1,1,1,1,1,0,1,1,0,1,1,1,1,0,1,1,1,1,0,1,1,1,1,1,1,1,1,1,1,1,0,1,1,1,1,1,1,1,1,1,1,1,1,1,0,1,1,0,1,1,0,1
381,1,1,1,0,1,1,1,1,1,1,1,1,1,1,1,1,1,1,1,1,1,1,1,0,1,1,0,1,1,0,0,1,1,1,0,1,1,1,1,1,1,1,1,1,1,1,1,1,1,1,1,1,1,1,1,1,1,1,1,1,1,1,1,1,1,1,1,1,1,0,1,1,1,1,1,1,1,1,1,0,1,1,1,0,1,1,1,1,1,1,1,1,1,1,1,1,1,1,1,1,1
382,0,0,1,0,1,1,0,1,0,1,1,0,1,0,1,0,1,0,0,0,1,1,0,0,0,0,0,0,1,0,0,0,1,0,0,1,0,1,0,0,0,1,1,0,1,0,0,0,0,1,1,0,1,0,1,0,1,1,0,0,0,1,1,1,0,0,1,1,1,0,0,1,0,1,1,0,0,0,0,0,0,1,1,0,0,1,0,1,0,0,0,0,0,1,0,1,1,1,0,1,0
383,1,1,1,1,1,1,1,1,1,1,1,1,1,0,1,1,1,1,1,1,1,1,1,1,1,1,0,1,1,1,1,1,1,1,1,1,1,1,0,1,1,1,1,1,1,1,1,1,0,1,1,1,1,1,1,1,1,1,1,1,1,1,1,1,1,0,1,1,1,0,1,1,1,1,1,1,1,1,1,0,1,1,1,1,1,1,1,1,1,1,1,1,1,1,0,1,1,1,1,1,1
384,1,1,1,1,1,1,1,1,1,0,1,1,1,1,1,1,1,1,1,1,1,1,1,1,1,1,0,1,1,1,1,1,1,1,1,1,1,1,1,1,1,1,1,1,1,1,1,1,1,1,1,1,1,1,1,0,1,1,1,1,1,1,1,1,1,1,1,1,1,1,1,1,0,1,1,1,1,1,0,0,1,1,1,1,1,1,1,1,1,1,1,1,1,1,1,1,1,1,1,1,1
385,1,1,1,1,1,1,0,1,1,0,1,1,1,1,1,1,1,1,1,1,1,1,1,1,1,0,0,1,1,1,1,1,1,1,0,1,1,1,1,1,1,1,1,1,1,1,1,1,1,1,1,1,1,1,1,0,1,1,1,1,1,1,1,1,1,1,1,1,1,1,1,1,0,1,1,0,1,1,0,0,1,1,1,1,1,1,1,1,1,1,1,1,0,1,1,1,1,1,1,1,1
386,1,1,1,1,1,1,1,1,1,0,1,1,1,1,1,1,1,1,1,1,1,1,1,1,1,1,0,1,1,1,1,1,1,1,1,1,1,1,1,1,1,1,1,1,1,1,1,1,1,1,1,1,1,1,1,0,1,1,1,1,1,1,1,1,1,1,1,1,1,1,1,1,1,1,1,1,1,1,0,0,1,1,1,1,1,1,1,1,1,1,1,1,1,1,1,1,1,1,1,1,1
387,1,1,1,1,1,1,1,1,1,1,1,1,1,1,1,1,1,1,1,1,1,1,1,1,1,1,0,1,1,1,1,1,1,1,1,1,1,1,1,1,1,1,1,1,1,1,1,1,1,1,1,1,1,1,1,1,1,1,1,1,1,1,1,1,1,1,1,1,1,1,0,1,1,1,1,1,1,1,1,0,1,1,1,1,1,1,1,1,1,1,1,1,1,1,1,1,1,1,1,1,1
388,1,1,1,0,1,1,1,1,0,1,1,1,1,1,1,1,1,1,0,1,1,1,0,1,0,0,0,0,1,1,0,0,1,0,0,1,0,1,1,0,1,1,1,1,1,1,0,1,1,1,1,1,1,0,1,0,1,1,0,1,0,1,1,1,0,1,1,1,1,0,0,1,1,1,1,0,0,1,0,0,0,1,1,0,0,1,0,1,1,1,0,1,0,1,0,1,1,1,0,1,1
389,0,0,0,1,0,0,0,0,1,0,0,0,0,0,0,0,0,1,1,0,0,0,1,1,1,0,0,0,0,0,1,1,0,1,1,0,0,0,0,1,1,0,0,1,0,1,1,0,1,0,0,0,0,1,0,1,0,0,0,0,1,0,0,0,1,1,0,0,0,1,0,0,0,0,0,0,1,1,1,0,1,0,0,1,1,0,1,0,1,0,1,0,1,0,1,0,0,0,0,0,0
390,1,1,0,0,0,0,1,0,1,0,0,1,0,1,0,0,0,1,1,1,0,0,1,1,1,1,0,1,0,0,0,1,0,1,1,0,0,0,0,1,1,0,0,1,0,0,0,1,1,0,0,0,0,0,0,1,0,0,1,0,1,0,0,0,1,1,0,0,0,1,0,0,1,0,0,1,1,1,1,0,1,0,0,1,1,0,1,0,1,0,1,0,1,0,1,0,0,0,1,0,0
391,0,1,1,0,1,1,0,1,0,1,1,0,1,0,1,1,1,0,0,0,1,1,0,0,0,0,0,0,1,1,0,0,1,0,0,1,1,1,0,0,0,1,1,0,1,0,0,0,0,1,1,1,1,0,1,0,0,1,0,1,0,1,1,1,0,1,1,1,1,0,0,1,1,1,1,0,0,0,0,0,0,1,1,0,0,1,0,1,0,1,0,0,0,1,0,1,1,1,0,1,0
392,0,0,0,0,0,0,1,0,1,0,0,0,0,1,0,0,0,1,1,0,0,0,0,1,1,1,0,1,0,0,0,1,0,1,1,0,1,0,1,1,1,0,0,1,0,1,0,0,1,0,0,1,0,0,0,1,0,0,0,0,1,0,0,0,1,0,0,0,0,1,0,0,0,0,0,1,0,0,1,0,1,0,0,1,0,0,1,0,1,0,0,0,1,0,1,0,0,0,1,0,0
393,1,1,1,1,1,1,1,1,0,1,1,1,1,1,1,0,1,1,1,1,1,1,1,1,0,1,0,1,1,1,1,1,1,1,1,1,1,1,1,1,1,1,1,1,1,1,1,1,1,1,1,1,1,0,1,0,1,1,1,1,1,1,1,1,1,1,1,1,1,0,0,1,1,1,1,1,1,1,0,0,0,1,1,0,0,1,0,1,1,1,1,1,0,1,1,1,1,1,1,1,1
394,1,1,1,0,1,1,1,1,1,1,1,0,1,1,1,0,0,1,1,1,1,1,1,1,0,0,0,0,1,1,0,0,1,0,0,1,1,1,1,0,1,1,1,0,1,1,1,1,1,1,1,1,1,0,1,0,1,1,0,1,0,1,1,1,0,1,1,1,1,0,1,1,1,1,1,0,0,1,0,0,0,1,1,0,0,1,0,1,1,1,0,0,1,1,1,1,1,1,1,1,1
395,0,0,0,1,0,0,0,0,0,0,0,0,0,0,0,0,0,0,1,0,0,0,0,1,0,1,0,1,0,0,1,1,0,1,1,0,1,0,0,1,0,0,0,1,0,1,1,0,1,0,0,0,0,1,0,1,0,0,1,0,0,0,0,0,1,0,0,0,0,0,0,0,0,0,0,1,0,0,1,0,1,0,0,1,0,0,0,0,0,0,1,0,1,0,0,0,0,0,0,0,0
396,1,1,0,1,0,0,1,0,1,0,0,1,0,1,0,0,0,1,1,1,0,0,1,1,1,1,0,1,1,0,1,1,0,1,1,0,1,0,1,1,1,0,1,1,0,1,1,1,1,0,0,1,0,1,0,1,1,0,1,1,1,0,0,0,1,1,0,0,0,1,1,0,1,0,0,1,1,1,1,0,1,0,0,1,1,0,1,0,1,0,1,1,1,0,1,0,0,0,1,0,0
397,0,1,0,1,0,0,0,0,1,0,0,1,0,1,0,0,0,0,1,1,1,0,1,1,1,1,0,1,0,0,1,1,0,1,1,0,1,0,1,1,1,0,0,0,0,1,1,1,1,0,0,1,0,1,0,1,0,0,1,1,1,0,0,0,1,0,0,0,0,1,1,0,0,0,0,1,1,1,1,0,1,0,0,1,1,0,1,0,1,0,1,1,1,0,1,0,0,0,1,0,0
398,1,0,1,1,1,1,0,1,0,1,1,1,1,1,1,1,1,1,1,1,1,1,1,1,0,1,0,1,1,0,1,0,1,0,1,1,1,1,1,1,1,1,1,1,1,1,1,1,0,1,1,0,1,0,1,0,1,1,1,1,0,1,1,1,1,1,0,1,1,0,0,1,0,1,1,1,1,1,1,0,0,1,1,0,0,1,0,1,1,1,1,0,1,1,0,1,1,1,1,1,1
399,1,1,1,0,1,1,1,1,0,0,1,1,1,1,1,1,1,1,0,1,1,1,0,0,0,0,0,0,1,1,0,0,1,0,0,1,1,1,0,0,0,1,1,0,1,0,0,0,0,1,1,1,1,0,1,0,1,1,0,1,0,1,0,1,0,1,1,1,1,0,0,1,1,1,1,0,0,0,0,0,0,1,1,0,0,1,0,1,0,1,0,0,0,1,0,1,1,1,0,1,1
400,0,0,1,0,1,1,0,1,0,1,1,0,1,0,1,1,1,0,0,0,1,1,0,0,0,0,0,0,1,1,0,1,0,0,0,1,1,1,1,1,0,1,1,1,1,1,0,0,0,1,1,1,1,0,1,0,0,1,0,1,0,1,1,1,1,0,1,1,1,0,0,1,1,1,1,0,0,1,0,0,0,1,1,0,0,1,0,1,0,1,1,0,0,1,0,0,1,1,0,1,1
401,1,1,1,1,1,1,1,1,1,1,1,1,1,1,1,1,1,1,0,1,1,1,0,0,0,0,0,1,1,1,1,0,1,1,1,1,1,1,1,1,1,1,1,1,1,0,1,1,0,1,1,1,1,0,1,0,1,1,1,1,1,1,1,1,0,0,1,1,1,0,0,1,1,1,1,0,0,0,1,0,0,1,1,0,0,1,0,1,1,1,0,0,0,1,1,0,1,1,1,1,1
402,0,0,0,1,0,0,0,0,0,0,0,0,0,0,0,0,0,0,1,0,0,0,0,0,0,0,0,0,0,0,1,0,0,0,1,0,1,0,0,0,0,0,0,1,0,0,0,0,1,0,0,0,0,1,0,1,0,0,1,0,0,0,0,0,1,0,0,0,0,0,0,0,0,0,0,0,0,0,0,0,1,0,0,0,0,0,0,0,0,0,0,0,0,0,0,0,0,0,0,0,0
403,1,1,0,1,0,0,1,0,1,0,0,1,0,1,0,0,0,1,1,1,1,0,1,1,1,1,0,1,1,0,1,1,0,0,1,0,1,0,1,1,1,0,1,0,0,1,1,1,1,0,0,1,0,1,0,0,1,0,1,0,0,1,0,0,1,1,0,0,0,1,1,0,1,0,0,1,1,1,1,0,0,0,0,1,0,0,1,0,1,0,1,1,0,0,1,0,0,0,1,0,0
404,1,1,0,1,0,0,1,0,1,0,0,1,0,1,0,0,0,1,1,1,1,0,1,1,1,1,0,1,1,0,1,1,0,0,1,0,1,0,1,1,1,0,1,0,0,1,1,1,0,0,0,1,0,1,0,0,1,0,1,0,1,1,0,0,1,1,0,0,0,1,1,0,1,0,0,1,1,1,1,0,0,0,0,1,1,0,1,0,1,0,1,1,1,0,1,0,0,0,1,0,0
405,1,1,0,1,0,0,1,0,1,0,0,1,0,1,0,0,0,1,1,1,1,0,1,0,1,1,0,1,1,0,1,1,0,1,1,0,1,0,1,1,1,0,1,0,0,1,1,1,1,0,0,0,0,1,0,0,1,0,0,0,0,1,0,0,1,1,0,0,0,1,1,0,1,0,0,1,1,1,1,0,1,0,0,1,1,0,1,0,1,0,1,1,0,0,1,0,0,0,1,0,0
406,0,1,0,1,0,1,1,0,1,0,0,1,0,1,0,0,0,1,1,1,1,0,1,1,1,1,1,1,1,0,1,1,0,1,1,0,1,0,1,1,1,0,1,1,0,1,1,1,1,0,0,1,0,1,0,1,1,0,1,0,1,1,0,0,1,1,0,0,0,0,1,0,1,0,0,1,1,1,1,0,1,0,0,1,1,0,1,0,1,0,1,1,1,0,1,0,0,0,1,0,0
407,1,1,1,1,1,1,1,1,1,1,1,1,1,1,1,1,1,1,1,1,1,1,1,1,1,1,1,1,1,1,1,1,1,1,1,1,1,1,1,1,1,1,1,0,1,1,1,1,1,1,1,1,1,1,1,0,1,1,1,1,1,1,1,1,1,1,1,1,1,1,1,1,1,1,1,1,1,1,1,0,1,1,1,1,1,1,1,1,1,1,1,1,1,1,1,1,1,1,1,1,1
408,0,0,1,0,1,1,0,1,0,1,1,0,1,0,1,1,1,0,0,0,0,1,0,0,0,0,0,0,1,1,0,0,0,0,0,1,0,1,0,0,0,1,0,0,1,0,0,0,0,1,0,0,1,0,1,0,0,1,0,0,0,1,1,1,0,0,1,1,1,0,0,1,0,1,1,0,0,0,0,0,0,1,1,0,0,1,0,1,0,0,0,0,0,1,0,1,1,1,0,1,0
409,0,1,0,1,1,0,1,0,1,0,0,1,0,1,0,0,0,1,1,0,0,0,1,1,1,1,1,1,0,0,1,1,0,1,1,0,1,0,1,1,1,0,0,1,0,1,1,1,1,0,0,0,1,1,0,1,0,0,1,0,1,0,0,0,1,0,0,0,0,1,1,0,1,0,0,1,1,1,1,0,1,0,0,1,1,0,1,0,1,0,1,1,1,0,1,0,0,0,1,0,0
410,1,1,1,1,1,1,1,1,1,0,1,1,1,1,1,1,1,1,1,1,1,1,1,1,1,1,0,1,1,1,1,1,1,0,0,1,1,1,1,1,1,1,1,0,1,1,1,1,1,1,1,1,1,1,1,0,1,1,1,1,1,1,1,1,1,1,1,1,1,0,1,1,1,1,1,1,1,1,1,0,0,1,1,1,0,1,1,1,1,1,1,1,1,1,1,1,1,1,1,1,1
411,1,0,1,0,1,1,0,1,0,1,1,0,1,0,1,1,1,0,1,0,1,1,0,0,0,0,0,0,1,1,0,0,1,0,0,1,0,1,1,1,1,1,1,0,1,0,0,0,0,1,0,1,1,0,1,0,1,1,0,1,1,1,1,1,0,0,1,1,1,0,0,1,1,1,1,0,0,0,1,0,0,1,1,0,0,1,0,1,0,1,0,0,0,1,0,1,1,1,0,0,1
412,0,1,1,0,1,1,0,1,0,1,1,0,1,0,1,1,1,1,0,0,0,1,0,0,0,0,0,0,1,1,0,0,1,0,0,1,0,1,0,0,0,1,1,0,1,0,0,0,0,1,1,1,1,0,1,0,1,1,0,1,0,1,1,1,0,0,1,1,1,0,0,1,1,1,1,0,0,0,1,0,0,1,1,0,0,1,0,1,0,1,0,0,0,1,0,1,1,1,0,1,0
413,1,1,0,1,0,0,1,0,1,0,0,1,0,1,0,0,0,1,1,1,1,0,1,1,1,1,0,1,0,0,0,1,0,1,1,0,1,0,1,1,1,0,0,1,0,1,1,1,1,0,0,1,0,1,0,1,0,0,1,0,1,0,0,0,1,1,0,0,0,1,1,0,1,0,0,1,1,1,1,0,1,0,0,1,1,0,1,0,1,0,1,1,1,0,1,0,0,0,1,0,0
414,1,1,1,0,1,1,1,1,1,1,1,1,1,1,1,1,1,1,0,1,1,1,0,0,0,0,0,0,1,1,0,0,1,0,0,1,0,1,1,0,1,1,1,0,1,1,0,1,0,1,1,1,1,0,1,0,1,1,1,1,1,1,1,1,0,1,1,1,1,0,0,1,1,1,1,0,0,1,1,0,0,1,1,0,0,1,0,1,0,1,0,1,0,1,1,1,1,1,1,1,1
415,1,1,1,0,1,1,1,1,1,1,1,1,1,1,1,1,1,1,0,1,1,1,0,0,0,0,0,0,1,1,0,0,1,0,0,1,0,1,1,1,1,1,1,0,1,1,0,1,0,1,1,1,1,0,1,0,1,1,1,1,1,1,1,1,0,1,1,1,1,0,0,1,1,1,1,0,1,1,1,0,0,1,1,0,0,1,0,1,0,1,0,1,0,1,1,1,1,1,1,1,1
416,1,1,1,0,1,1,1,1,1,1,1,1,1,1,1,1,1,1,0,1,1,1,0,0,0,0,0,0,1,1,0,0,1,0,0,1,0,1,1,1,1,1,1,0,1,1,0,1,0,1,1,1,1,0,1,0,1,1,0,1,1,1,1,1,0,1,1,1,1,0,0,1,1,1,1,0,0,1,1,0,0,1,1,0,0,1,0,1,0,1,0,1,0,1,1,1,1,1,1,1,1
417,1,1,1,1,1,1,1,1,1,1,1,1,1,1,1,1,1,1,1,1,1,1,1,1,0,0,0,0,1,1,1,1,1,1,0,1,1,1,1,1,1,1,1,1,1,1,1,1,1,1,1,1,1,0,1,0,1,1,1,1,1,1,1,1,1,1,1,1,1,0,0,1,1,1,1,0,1,1,1,0,1,1,1,1,1,1,1,1,1,1,1,1,0,1,1,1,1,1,1,1,1
418,1,1,1,0,1,1,1,1,1,1,1,1,1,1,1,1,1,1,0,1,1,1,0,0,1,1,0,1,1,0,0,1,1,1,1,1,1,1,1,1,1,1,1,1,1,1,1,1,1,1,1,1,1,0,1,0,1,1,1,1,1,1,1,1,1,0,1,1,1,0,0,1,1,1,1,1,1,1,1,0,1,1,1,1,0,1,0,1,0,1,1,1,1,1,1,1,1,1,1,1,1
419,1,1,1,1,1,1,1,0,1,0,0,1,1,1,0,1,1,1,1,1,1,1,1,1,1,1,0,1,1,1,1,1,1,1,1,1,1,1,1,1,1,0,1,1,1,1,1,1,1,1,1,1,1,1,1,1,1,1,1,1,1,0,0,1,1,1,0,1,1,1,1,1,1,1,0,1,1,1,1,0,1,0,1,1,1,1,1,1,1,1,1,1,1,1,1,1,0,1,1,1,1
420,1,1,1,0,1,1,1,1,0,0,1,1,1,0,1,1,1,0,1,1,1,1,0,0,0,0,0,0,1,1,0,0,1,0,0,1,0,1,1,0,1,1,1,0,1,1,0,1,0,1,1,1,1,0,1,0,1,1,1,1,0,1,1,1,0,1,1,1,1,0,0,1,1,1,1,0,0,0,0,0,0,1,1,0,0,1,0,1,0,1,0,1,0,1,0,1,1,1,0,1,1
430,1,1,1,1,1,1,1,1,1,1,1,1,1,1,1,0,1,0,0,1,1,1,0,1,0,0,0,0,1,1,1,0,1,0,0,1,1,1,0,1,1,1,1,1,1,0,1,0,0,1,0,1,1,1,1,0,0,1,0,1,0,1,1,1,1,1,1,1,1,0,0,1,0,0,1,0,1,1,1,0,0,1,1,1,1,1,1,1,1,1,0,1,0,1,1,0,1,1,1,1,1
437,1,1,1,1,1,1,1,1,1,0,1,1,1,1,1,1,1,1,1,1,1,1,1,1,1,0,0,1,1,1,1,1,1,1,1,1,1,0,1,1,1,1,1,1,1,1,1,1,1,1,1,1,1,1,0,0,1,0,1,1,1,1,0,1,1,1,1,1,1,0,1,1,1,1,0,0,1,1,1,0,0,1,1,1,1,1,1,1,1,1,1,1,1,1,1,1,0,1,1,0,1
448,0,0,0,1,0,0,1,0,1,0,0,1,0,1,0,0,0,1,0,1,0,0,1,1,1,1,1,1,0,0,1,1,0,1,0,0,1,0,0,1,1,0,0,1,0,1,1,1,1,0,0,0,0,1,0,1,0,0,1,0,1,0,0,0,1,1,0,0,0,1,1,0,1,0,0,1,1,1,1,0,1,0,0,1,1,0,1,0,1,0,1,1,0,0,1,0,0,0,1,0,0
452,1,1,0,1,1,1,1,0,0,0,0,1,0,0,1,1,1,1,1,1,1,1,1,1,0,1,0,0,0,1,1,0,1,1,1,1,1,1,1,0,1,1,1,0,1,1,1,1,1,1,1,1,1,1,1,0,0,0,1,1,1,0,0,1,0,0,1,0,1,1,0,1,0,1,1,1,1,1,1,0,0,1,1,0,1,1,0,1,1,0,1,0,1,1,1,1,0,1,0,1,1
453,0,0,1,0,1,1,0,1,0,1,1,0,1,0,1,1,1,0,0,0,0,1,0,0,0,0,1,0,0,1,0,0,0,0,0,1,0,1,0,0,0,1,1,0,1,0,0,0,0,1,0,0,1,0,1,1,0,1,0,1,0,1,1,1,0,0,1,1,1,1,0,1,0,1,1,0,0,0,0,1,0,1,1,0,0,1,0,1,0,1,0,0,0,1,0,0,1,1,0,1,0
454,1,1,0,1,1,1,1,0,1,0,0,1,0,1,1,1,1,1,1,1,1,1,1,1,1,1,1,1,1,1,1,1,1,1,1,1,1,1,1,1,1,1,1,1,1,1,1,1,1,1,1,1,1,1,1,1,0,0,1,1,1,0,0,1,1,1,1,0,1,1,0,1,1,1,1,1,1,1,1,0,1,1,1,1,1,1,1,1,1,0,1,1,1,1,1,0,0,1,1,1,1
456,1,1,1,1,1,0,1,0,1,0,1,1,0,1,0,1,1,1,1,1,1,1,1,1,1,1,1,1,1,0,1,1,1,1,1,1,1,0,1,1,1,0,1,1,0,1,1,1,1,0,1,1,1,1,0,1,0,0,1,1,1,0,0,0,1,0,0,0,1,0,1,1,1,0,0,1,1,1,1,0,1,0,0,1,1,1,1,1,0,0,1,1,1,0,1,0,0,0,1,0,1
461,0,0,0,0,0,1,0,1,0,0,0,0,1,0,1,0,0,0,0,0,0,0,0,0,0,0,0,0,0,1,0,0,0,0,0,0,0,1,0,0,0,1,0,0,1,0,0,0,0,1,1,0,0,0,1,0,0,1,0,0,0,1,1,1,0,1,1,1,1,1,0,0,0,1,1,0,0,0,0,1,0,1,1,0,0,0,0,0,1,1,0,0,0,1,0,0,1,1,0,1,0
462,1,1,1,1,1,0,1,0,1,0,1,1,0,1,0,1,1,1,0,1,0,0,1,1,1,1,1,1,1,0,1,1,1,1,0,1,1,0,0,1,1,0,1,0,1,1,1,1,1,1,0,1,1,1,0,0,1,0,1,1,1,1,0,1,1,0,0,0,1,0,1,1,1,0,0,1,1,1,1,0,0,0,0,1,0,1,1,1,0,0,1,1,1,0,0,1,0,0,1,0,1
478,1,0,1,0,1,1,1,1,1,1,1,1,1,1,1,1,1,1,0,1,1,1,0,1,1,1,1,1,1,1,0,1,1,1,0,1,1,1,1,1,1,1,1,1,1,1,1,0,1,0,1,0,1,1,1,0,1,1,1,1,1,1,1,1,1,1,1,1,1,1,0,1,1,1,1,1,1,1,1,1,0,1,1,0,0,1,1,1,1,1,1,0,1,1,1,1,1,1,1,1,1
487,1,1,1,1,1,1,1,1,1,1,1,1,1,1,1,1,1,1,1,1,1,1,1,1,1,1,1,1,1,1,1,1,1,1,1,1,1,1,1,1,1,1,1,1,1,1,1,1,1,0,1,1,1,1,1,1,1,1,1,1,1,1,1,1,1,1,1,1,1,1,1,1,1,1,0,1,1,1,1,0,1,1,1,1,1,1,1,1,1,1,1,1,1,1,1,1,1,1,1,1,1
492,1,0,0,1,0,0,1,0,1,0,0,0,0,1,0,0,0,1,1,1,0,0,1,1,1,1,1,1,0,0,1,1,0,1,1,0,1,0,1,1,1,0,1,1,0,1,1,1,1,0,0,1,0,1,0,1,1,0,1,0,1,0,0,0,1,1,0,0,0,0,1,0,1,0,0,1,1,1,1,0,1,0,0,1,0,0,1,0,1,0,1,1,1,0,1,0,0,0,1,0,0
494,1,1,1,1,1,1,1,1,1,1,1,1,1,1,1,1,1,1,1,1,1,1,1,1,1,1,1,1,1,1,1,1,1,1,1,1,1,1,1,1,1,1,1,1,1,1,1,1,1,1,1,1,1,1,1,1,1,1,1,1,1,1,1,1,1,1,1,1,1,1,1,1,1,1,1,1,1,1,1,0,1,1,1,1,1,1,1,1,1,1,1,1,1,1,1,1,1,1,1,1,1
496,1,1,1,1,1,1,1,1,1,1,1,1,1,1,1,1,1,1,1,1,1,1,1,1,0,1,1,1,1,1,1,1,1,1,1,1,1,1,1,1,1,1,1,1,1,1,1,1,1,1,1,1,1,1,1,0,1,1,1,1,1,1,0,1,1,1,1,1,1,1,1,1,1,1,1,1,1,1,1,0,1,1,1,1,1,1,1,1,1,1,1,1,1,1,1,1,0,1,1,0,1
497,1,1,1,1,1,1,1,1,1,1,1,1,1,1,1,1,1,1,1,1,1,1,1,1,0,1,1,1,1,1,1,1,1,1,1,1,1,0,1,1,1,1,1,1,1,1,1,1,1,1,1,1,1,1,1,0,1,0,1,1,1,1,0,1,1,1,1,1,1,0,1,1,1,1,1,1,1,1,1,0,1,1,1,1,1,1,1,1,1,1,1,1,1,1,1,1,1,1,1,0,1
500,1,1,1,1,1,1,1,0,1,0,0,1,1,1,1,0,0,1,1,1,1,0,0,1,0,0,0,1,1,0,1,1,1,1,0,0,1,0,0,1,1,1,0,0,0,1,1,1,1,1,1,1,1,0,0,0,0,1,0,0,1,0,0,1,1,1,1,1,1,0,0,1,1,1,0,0,1,1,1,0,0,0,0,1,1,1,1,1,1,1,1,1,1,1,1,0,0,1,1,0,1
501,1,1,0,1,1,1,1,1,1,0,0,1,0,1,0,1,1,1,1,1,1,1,1,1,0,1,1,1,1,0,1,1,1,1,0,1,1,0,1,1,1,0,1,1,0,1,1,1,1,1,0,1,1,1,1,0,1,0,0,0,1,1,0,1,1,0,1,0,1,0,1,1,1,0,0,1,1,1,1,0,0,1,0,1,0,1,0,1,1,1,1,1,1,0,1,1,0,0,1,0,1
502,1,1,1,1,1,1,1,1,1,0,1,1,0,1,1,1,1,1,1,1,1,1,1,1,0,1,1,1,1,0,1,1,1,1,0,1,1,0,1,1,1,1,1,1,0,1,1,1,1,1,1,1,1,1,1,0,1,1,0,1,1,1,0,1,1,1,1,0,1,0,1,1,1,0,0,1,1,1,1,0,0,1,0,1,0,1,0,1,1,1,1,1,1,1,1,1,0,0,1,0,1
